2024-04-08 12:00:00,1.0
2024-04-08 12:00:07.200000,1.0
2024-04-08 12:00:14.400000,1.0
2024-04-08 12:00:21.600000,1.0
2024-04-08 12:00:28.800000,1.0
2024-04-08 12:00:36,1.0
2024-04-08 12:00:43.200000,1.0
2024-04-08 12:00:50.400000,1.0
2024-04-08 12:00:57.600000,1.0
2024-04-08 12:01:04.800000,1.0
2024-04-08 12:01:12,1.0
2024-04-08 12:01:19.200000,1.0
2024-04-08 12:01:26.400000,1.0
2024-04-08 12:01:33.600000,1.0
2024-04-08 12:01:40.800000,1.0
2024-04-08 12:01:48,1.0
2024-04-08 12:01:55.200000,1.0
2024-04-08 12:02:02.400000,1.0
2024-04-08 12:02:09.600000,1.0
2024-04-08 12:02:16.800000,1.0
2024-04-08 12:02:24,1.0
2024-04-08 12:02:31.200000,1.0
2024-04-08 12:02:38.400000,1.0
2024-04-08 12:02:45.600000,1.0
2024-04-08 12:02:52.800000,1.0
2024-04-08 12:03:00,1.0
2024-04-08 12:03:07.200000,1.0
2024-04-08 12:03:14.400000,1.0
2024-04-08 12:03:21.600000,1.0
2024-04-08 12:03:28.800000,1.0
2024-04-08 12:03:36,1.0
2024-04-08 12:03:43.200000,1.0
2024-04-08 12:03:50.400000,1.0
2024-04-08 12:03:57.600000,1.0
2024-04-08 12:04:04.800000,1.0
2024-04-08 12:04:12,1.0
2024-04-08 12:04:19.200000,1.0
2024-04-08 12:04:26.400000,1.0
2024-04-08 12:04:33.600000,1.0
2024-04-08 12:04:40.800000,1.0
2024-04-08 12:04:48,1.0
2024-04-08 12:04:55.200000,1.0
2024-04-08 12:05:02.400000,1.0
2024-04-08 12:05:09.600000,1.0
2024-04-08 12:05:16.800000,1.0
2024-04-08 12:05:24,1.0
2024-04-08 12:05:31.200000,1.0
2024-04-08 12:05:38.400000,1.0
2024-04-08 12:05:45.600000,1.0
2024-04-08 12:05:52.800000,1.0
2024-04-08 12:06:00,1.0
2024-04-08 12:06:07.200000,1.0
2024-04-08 12:06:14.400000,1.0
2024-04-08 12:06:21.600000,1.0
2024-04-08 12:06:28.800000,1.0
2024-04-08 12:06:36,1.0
2024-04-08 12:06:43.200000,1.0
2024-04-08 12:06:50.400000,1.0
2024-04-08 12:06:57.600000,1.0
2024-04-08 12:07:04.800000,1.0
2024-04-08 12:07:12,1.0
2024-04-08 12:07:19.200000,1.0
2024-04-08 12:07:26.400000,1.0
2024-04-08 12:07:33.600000,1.0
2024-04-08 12:07:40.800000,1.0
2024-04-08 12:07:48,1.0
2024-04-08 12:07:55.200000,1.0
2024-04-08 12:08:02.400000,1.0
2024-04-08 12:08:09.600000,1.0
2024-04-08 12:08:16.800000,1.0
2024-04-08 12:08:24,1.0
2024-04-08 12:08:31.200000,1.0
2024-04-08 12:08:38.400000,1.0
2024-04-08 12:08:45.600000,1.0
2024-04-08 12:08:52.800000,1.0
2024-04-08 12:09:00,1.0
2024-04-08 12:09:07.200000,1.0
2024-04-08 12:09:14.400000,1.0
2024-04-08 12:09:21.600000,1.0
2024-04-08 12:09:28.800000,1.0
2024-04-08 12:09:36,1.0
2024-04-08 12:09:43.200000,1.0
2024-04-08 12:09:50.400000,1.0
2024-04-08 12:09:57.600000,1.0
2024-04-08 12:10:04.800000,1.0
2024-04-08 12:10:12,1.0
2024-04-08 12:10:19.200000,1.0
2024-04-08 12:10:26.400000,1.0
2024-04-08 12:10:33.600000,1.0
2024-04-08 12:10:40.800000,1.0
2024-04-08 12:10:48,1.0
2024-04-08 12:10:55.200000,1.0
2024-04-08 12:11:02.400000,1.0
2024-04-08 12:11:09.600000,1.0
2024-04-08 12:11:16.800000,1.0
2024-04-08 12:11:24,1.0
2024-04-08 12:11:31.200000,1.0
2024-04-08 12:11:38.400000,1.0
2024-04-08 12:11:45.600000,1.0
2024-04-08 12:11:52.800000,1.0
2024-04-08 12:12:00,1.0
2024-04-08 12:12:07.200000,1.0
2024-04-08 12:12:14.400000,1.0
2024-04-08 12:12:21.600000,1.0
2024-04-08 12:12:28.800000,1.0
2024-04-08 12:12:36,1.0
2024-04-08 12:12:43.200000,1.0
2024-04-08 12:12:50.400000,1.0
2024-04-08 12:12:57.600000,1.0
2024-04-08 12:13:04.800000,1.0
2024-04-08 12:13:12,1.0
2024-04-08 12:13:19.200000,1.0
2024-04-08 12:13:26.400000,1.0
2024-04-08 12:13:33.600000,1.0
2024-04-08 12:13:40.800000,1.0
2024-04-08 12:13:48,1.0
2024-04-08 12:13:55.200000,1.0
2024-04-08 12:14:02.400000,1.0
2024-04-08 12:14:09.600000,1.0
2024-04-08 12:14:16.800000,1.0
2024-04-08 12:14:24,1.0
2024-04-08 12:14:31.200000,1.0
2024-04-08 12:14:38.400000,1.0
2024-04-08 12:14:45.600000,1.0
2024-04-08 12:14:52.800000,1.0
2024-04-08 12:15:00,1.0
2024-04-08 12:15:07.200000,1.0
2024-04-08 12:15:14.400000,1.0
2024-04-08 12:15:21.600000,1.0
2024-04-08 12:15:28.800000,1.0
2024-04-08 12:15:36,1.0
2024-04-08 12:15:43.200000,1.0
2024-04-08 12:15:50.400000,1.0
2024-04-08 12:15:57.600000,1.0
2024-04-08 12:16:04.800000,1.0
2024-04-08 12:16:12,1.0
2024-04-08 12:16:19.200000,1.0
2024-04-08 12:16:26.400000,1.0
2024-04-08 12:16:33.600000,1.0
2024-04-08 12:16:40.800000,1.0
2024-04-08 12:16:48,1.0
2024-04-08 12:16:55.200000,1.0
2024-04-08 12:17:02.400000,1.0
2024-04-08 12:17:09.600000,1.0
2024-04-08 12:17:16.800000,1.0
2024-04-08 12:17:24,1.0
2024-04-08 12:17:31.200000,1.0
2024-04-08 12:17:38.400000,1.0
2024-04-08 12:17:45.600000,1.0
2024-04-08 12:17:52.800000,1.0
2024-04-08 12:18:00,1.0
2024-04-08 12:18:07.200000,1.0
2024-04-08 12:18:14.400000,1.0
2024-04-08 12:18:21.600000,1.0
2024-04-08 12:18:28.800000,1.0
2024-04-08 12:18:36,1.0
2024-04-08 12:18:43.200000,1.0
2024-04-08 12:18:50.400000,0.999972380255593
2024-04-08 12:18:57.600000,0.9998960130318975
2024-04-08 12:19:04.800000,0.999804829462878
2024-04-08 12:19:12,0.9996817097657901
2024-04-08 12:19:19.200000,0.9995566566130017
2024-04-08 12:19:26.400000,0.999400404029174
2024-04-08 12:19:33.600000,0.9992489608682882
2024-04-08 12:19:40.800000,0.9990655538126574
2024-04-08 12:19:48,0.9988917474192449
2024-04-08 12:19:55.200000,0.9986847864888271
2024-04-08 12:20:02.400000,0.9984912390475663
2024-04-08 12:20:09.600000,0.9982890502528248
2024-04-08 12:20:16.800000,0.9980518001973763
2024-04-08 12:20:24,0.9978324746129964
2024-04-08 12:20:31.200000,0.9975767153991327
2024-04-08 12:20:38.400000,0.9973415427396087
2024-04-08 12:20:45.600000,0.997068574874113
2024-04-08 12:20:52.800000,0.9968185993089429
2024-04-08 12:21:00,0.9965620118065257
2024-04-08 12:21:07.200000,0.996265580694563
2024-04-08 12:21:14.400000,0.9959954222442258
2024-04-08 12:21:21.600000,0.9956841221689718
2024-04-08 12:21:28.800000,0.9954010793734122
2024-04-08 12:21:36,0.9950756808153636
2024-04-08 12:21:43.200000,0.9947803665054632
2024-04-08 12:21:50.400000,0.99444145029831
2024-04-08 12:21:57.600000,0.9941343047509784
2024-04-08 12:22:04.800000,0.9938218425209185
2024-04-08 12:22:12,0.9934640393228573
2024-04-08 12:22:19.200000,0.9931404273009248
2024-04-08 12:22:26.400000,0.992770374831789
2024-04-08 12:22:33.600000,0.9924360667654174
2024-04-08 12:22:40.800000,0.9920541922264247
2024-04-08 12:22:48,0.9917096115193921
2024-04-08 12:22:55.200000,0.9913602226889713
2024-04-08 12:23:02.400000,0.9909616596267369
2024-04-08 12:23:09.600000,0.9906024770051816
2024-04-08 12:23:16.800000,0.990192929525334
2024-04-08 12:23:24,0.9898241824456567
2024-04-08 12:23:31.200000,0.9894040948473698
2024-04-08 12:23:38.400000,0.9890259860374399
2024-04-08 12:23:45.600000,0.988643657813274
2024-04-08 12:23:52.800000,0.9882084991009404
2024-04-08 12:24:00,0.9878172384342255
2024-04-08 12:24:07.200000,0.9873720892211939
2024-04-08 12:24:14.400000,0.9869721209185929
2024-04-08 12:24:21.600000,0.9865173675827239
2024-04-08 12:24:28.800000,0.9861089035832155
2024-04-08 12:24:36,0.9856964368659815
2024-04-08 12:24:43.200000,0.9852278699416704
2024-04-08 12:24:50.400000,0.9848073567825957
2024-04-08 12:24:57.600000,0.9843296602077963
2024-04-08 12:25:04.800000,0.9839009553950814
2024-04-08 12:25:12,0.9834143262982459
2024-04-08 12:25:19.200000,0.9829778428404449
2024-04-08 12:25:26.400000,0.9825377195893767
2024-04-08 12:25:33.600000,0.9820382939169394
2024-04-08 12:25:40.800000,0.9815905517572606
2024-04-08 12:25:48,0.9810825594480265
2024-04-08 12:25:55.200000,0.9806273482944216
2024-04-08 12:26:02.400000,0.9801686725731867
2024-04-08 12:26:09.600000,0.9796485806316231
2024-04-08 12:26:16.800000,0.9791826450063168
2024-04-08 12:26:24,0.9786544620594981
2024-04-08 12:26:31.200000,0.9781814001944359
2024-04-08 12:26:38.400000,0.9776452732071409
2024-04-08 12:26:45.600000,0.9771651258581296
2024-04-08 12:26:52.800000,0.9766818139746987
2024-04-08 12:27:00,0.9761342573884457
2024-04-08 12:27:07.200000,0.9756441249884732
2024-04-08 12:27:14.400000,0.9750889609299119
2024-04-08 12:27:21.600000,0.9745921228975573
2024-04-08 12:27:28.800000,0.9740921676384697
2024-04-08 12:27:36,0.9735260446380101
2024-04-08 12:27:43.200000,0.9730195444789198
2024-04-08 12:27:50.400000,0.9724461179200274
2024-04-08 12:27:57.600000,0.9719332758477521
2024-04-08 12:28:04.800000,0.9714173390910925
2024-04-08 12:28:12,0.9708333798122846
2024-04-08 12:28:19.200000,0.9703111485028393
2024-04-08 12:28:26.400000,0.9697201621036212
2024-04-08 12:28:33.600000,0.9691917312984717
2024-04-08 12:28:40.800000,0.9686604149621821
2024-04-08 12:28:48,0.9680592843045898
2024-04-08 12:28:55.200000,0.9675219023462889
2024-04-08 12:29:02.400000,0.966913997670107
2024-04-08 12:29:09.600000,0.9663706373756362
2024-04-08 12:29:16.800000,0.9657560552589871
2024-04-08 12:29:24,0.9652068010832767
2024-04-08 12:29:31.200000,0.9646548017066278
2024-04-08 12:29:38.400000,0.9640305687384114
2024-04-08 12:29:45.600000,0.9634727948699764
2024-04-08 12:29:52.800000,0.9628422133348266
2024-04-08 12:30:00,0.9622787436470794
2024-04-08 12:30:07.200000,0.9617126196111501
2024-04-08 12:30:14.400000,0.961072604115037
2024-04-08 12:30:21.600000,0.9605008943968621
2024-04-08 12:30:28.800000,0.9598546364194926
2024-04-08 12:30:36,0.9592774136118335
2024-04-08 12:30:43.200000,0.9586976208790541
2024-04-08 12:30:50.400000,0.9580424360267062
2024-04-08 12:30:57.600000,0.9574573366621372
2024-04-08 12:31:04.800000,0.956795997134247
2024-04-08 12:31:12,0.9562054526946061
2024-04-08 12:31:19.200000,0.9556124170920292
2024-04-08 12:31:26.400000,0.9549424303825812
2024-04-08 12:31:33.600000,0.9543441493675101
2024-04-08 12:31:40.800000,0.9536681872611776
2024-04-08 12:31:48,0.9530647237437386
2024-04-08 12:31:55.200000,0.952458842832542
2024-04-08 12:32:02.400000,0.9517744956276293
2024-04-08 12:32:09.600000,0.9511635231308946
2024-04-08 12:32:16.800000,0.9505501750071781
2024-04-08 12:32:24,0.9498573636980759
2024-04-08 12:32:31.200000,0.9492391259615824
2024-04-08 12:32:38.400000,0.948540717495139
2024-04-08 12:32:45.600000,0.9479174175474662
2024-04-08 12:32:52.800000,0.9472919257716044
2024-04-08 12:33:00,0.9465854016225654
2024-04-08 12:33:07.200000,0.9459549282484715
2024-04-08 12:33:14.400000,0.94524296173821
2024-04-08 12:33:21.600000,0.9446077965006386
2024-04-08 12:33:28.800000,0.9439702672016147
2024-04-08 12:33:36,0.9432504071189735
2024-04-08 12:33:43.200000,0.9426082652200295
2024-04-08 12:33:50.400000,0.9418831102460792
2024-04-08 12:33:57.600000,0.9412363908486986
2024-04-08 12:34:04.800000,0.9405872618702434
2024-04-08 12:34:12,0.9398544235395834
2024-04-08 12:34:19.200000,0.9392008096410261
2024-04-08 12:34:26.400000,0.9385449215404433
2024-04-08 12:34:33.600000,0.937804519981416
2024-04-08 12:34:40.800000,0.93714421993879
2024-04-08 12:34:48,0.936398742348237
2024-04-08 12:34:55.200000,0.9357339546492875
2024-04-08 12:35:02.400000,0.9350669453415331
2024-04-08 12:35:09.600000,0.9343142249237725
2024-04-08 12:35:16.800000,0.9336427949642411
2024-04-08 12:35:24,0.9328850004558165
2024-04-08 12:35:31.200000,0.9322093226390449
2024-04-08 12:35:38.400000,0.9315314732395429
2024-04-08 12:35:45.600000,0.9307666229936015
2024-04-08 12:35:52.800000,0.9300844629823578
2024-04-08 12:36:00,0.9294004191750882
2024-04-08 12:36:07.200000,0.9286283613968921
2024-04-08 12:36:14.400000,0.9279400711049299
2024-04-08 12:36:21.600000,0.9271632588888661
2024-04-08 12:36:28.800000,0.926470764095164
2024-04-08 12:36:36,0.9257761727589191
2024-04-08 12:36:43.200000,0.9249925862103325
2024-04-08 12:36:50.400000,0.924293849807662
2024-04-08 12:36:57.600000,0.9235934095960382
2024-04-08 12:37:04.800000,0.9228030161582537
2024-04-08 12:37:12,0.9220982569248113
2024-04-08 12:37:19.200000,0.9213032899079076
2024-04-08 12:37:26.400000,0.9205944837321034
2024-04-08 12:37:33.600000,0.9198839225077228
2024-04-08 12:37:40.800000,0.919082172366556
2024-04-08 12:37:48,0.9183676216850327
2024-04-08 12:37:55.200000,0.9176512068693443
2024-04-08 12:38:02.400000,0.9168429013794254
2024-04-08 12:38:09.600000,0.9161225523031693
2024-04-08 12:38:16.800000,0.9153099798510407
2024-04-08 12:38:24,0.9145855941973271
2024-04-08 12:38:31.200000,0.9138595263339926
2024-04-08 12:38:38.400000,0.9130405504048996
2024-04-08 12:38:45.600000,0.912310497687512
2024-04-08 12:38:52.800000,0.9115787888617243
2024-04-08 12:39:00,0.9107534963466696
2024-04-08 12:39:07.200000,0.9100178532328902
2024-04-08 12:39:14.400000,0.9092805795678752
2024-04-08 12:39:21.600000,0.9084490554737885
2024-04-08 12:39:28.800000,0.9077078969819392
2024-04-08 12:39:36,0.9068721829111809
2024-04-08 12:39:43.200000,0.9061274605107776
2024-04-08 12:39:50.400000,0.9053810051453164
2024-04-08 12:39:57.600000,0.9045391462661643
2024-04-08 12:40:04.800000,0.9037890320795677
2024-04-08 12:40:12,0.9030372077818597
2024-04-08 12:40:19.200000,0.9021893886770127
2024-04-08 12:40:26.400000,0.901433807022672
2024-04-08 12:40:33.600000,0.9006766845613934
2024-04-08 12:40:40.800000,0.8998229317944354
2024-04-08 12:40:48,0.8990622464496307
2024-04-08 12:40:55.200000,0.8982045033489949
2024-04-08 12:41:02.400000,0.8974401370757823
2024-04-08 12:41:09.600000,0.8966742689196087
2024-04-08 12:41:16.800000,0.8958107210797643
2024-04-08 12:41:24,0.8950413672242046
2024-04-08 12:41:31.200000,0.8942703836111897
2024-04-08 12:41:38.400000,0.8934011063286513
2024-04-08 12:41:45.600000,0.8926265295836888
2024-04-08 12:41:52.800000,0.8918504957903207
2024-04-08 12:42:00,0.8909755620452036
2024-04-08 12:42:07.200000,0.8901961313602509
2024-04-08 12:42:14.400000,0.8894151123346579
2024-04-08 12:42:21.600000,0.8885345947550574
2024-04-08 12:42:28.800000,0.887750222067071
2024-04-08 12:42:36,0.8868659480715747
2024-04-08 12:42:43.200000,0.8860782506924274
2024-04-08 12:42:50.400000,0.8852889273977375
2024-04-08 12:42:57.600000,0.8843991871125323
2024-04-08 12:43:04.800000,0.8836066516042073
2024-04-08 12:43:12,0.8828125810397811
2024-04-08 12:43:19.200000,0.8819174442511433
2024-04-08 12:43:26.400000,0.8811201323063483
2024-04-08 12:43:33.600000,0.8803213045892235
2024-04-08 12:43:40.800000,0.8794208390925353
2024-04-08 12:43:48,0.8786188106453584
2024-04-08 12:43:55.200000,0.8778152854041299
2024-04-08 12:44:02.400000,0.8769095579207317
2024-04-08 12:44:09.600000,0.876102871963683
2024-04-08 12:44:16.800000,0.875294707897557
2024-04-08 12:44:24,0.8743837841176036
2024-04-08 12:44:31.200000,0.8735724987391309
2024-04-08 12:44:38.400000,0.8726580785113027
2024-04-08 12:44:45.600000,0.8718436982783492
2024-04-08 12:44:52.800000,0.8710278706987253
2024-04-08 12:45:00,0.8701085262976893
2024-04-08 12:45:07.200000,0.8692896427034319
2024-04-08 12:45:14.400000,0.8684693297171272
2024-04-08 12:45:21.600000,0.867544796779256
2024-04-08 12:45:28.800000,0.8667214652523705
2024-04-08 12:45:36,0.8658967220357143
2024-04-08 12:45:43.200000,0.8649672263092958
2024-04-08 12:45:50.400000,0.8641395763215982
2024-04-08 12:45:57.600000,0.8633104572505136
2024-04-08 12:46:04.800000,0.8623760596183845
2024-04-08 12:46:12,0.861544164400053
2024-04-08 12:46:19.200000,0.8607107243884241
2024-04-08 12:46:26.400000,0.8597714863560613
2024-04-08 12:46:33.600000,0.8589351383710917
2024-04-08 12:46:40.800000,0.8580974303813225
2024-04-08 12:46:48,0.8571534112672948
2024-04-08 12:46:55.200000,0.856313001915982
2024-04-08 12:47:02.400000,0.8554710790366946
2024-04-08 12:47:09.600000,0.8545223383112186
2024-04-08 12:47:16.800000,0.8536775788083018
2024-04-08 12:47:24,0.8528316650379044
2024-04-08 12:47:31.200000,0.8518782609906688
2024-04-08 12:47:38.400000,0.8510293736486358
2024-04-08 12:47:45.600000,0.8501791760513777
2024-04-08 12:47:52.800000,0.8492211658250891
2024-04-08 12:48:00,0.8483683757045674
2024-04-08 12:48:07.200000,0.847514117448862
2024-04-08 12:48:14.400000,0.846551558418321
2024-04-08 12:48:21.600000,0.8456947430982462
2024-04-08 12:48:28.800000,0.8448364744041078
2024-04-08 12:48:36,0.8438694859598788
2024-04-08 12:48:43.200000,0.8430085178110529
2024-04-08 12:48:50.400000,0.8421464648010609
2024-04-08 12:48:57.600000,0.8411749758203777
2024-04-08 12:49:04.800000,0.8403100803577336
2024-04-08 12:49:12,0.8394441169416914
2024-04-08 12:49:19.200000,0.8384682461729333
2024-04-08 12:49:26.400000,0.8375994721803461
2024-04-08 12:49:33.600000,0.8367296469790796
2024-04-08 12:49:40.800000,0.8357494489335076
2024-04-08 12:49:48,0.8348770253830277
2024-04-08 12:49:55.200000,0.8340032058458313
2024-04-08 12:50:02.400000,0.8330187344934421
2024-04-08 12:50:09.600000,0.832142529752214
2024-04-08 12:50:16.800000,0.8312649429920587
2024-04-08 12:50:24,0.8302764345433367
2024-04-08 12:50:31.200000,0.8293963132124076
2024-04-08 12:50:38.400000,0.8285150064497684
2024-04-08 12:50:45.600000,0.8275223323360871
2024-04-08 12:50:52.800000,0.8266385228672903
2024-04-08 12:51:00,0.825753727674819
2024-04-08 12:51:07.200000,0.8247567555994392
2024-04-08 12:51:14.400000,0.8238694901228343
2024-04-08 12:51:21.600000,0.8229808837214769
2024-04-08 12:51:28.800000,0.8219800855049362
2024-04-08 12:51:36,0.8210890387375346
2024-04-08 12:51:43.200000,0.8201970381815225
2024-04-08 12:51:50.400000,0.8191919927486087
2024-04-08 12:51:57.600000,0.8182975842860145
2024-04-08 12:52:04.800000,0.817401861678147
2024-04-08 12:52:12,0.8163930455592381
2024-04-08 12:52:19.200000,0.8154949450341473
2024-04-08 12:52:26.400000,0.814595922187064
2024-04-08 12:52:33.600000,0.8135830088138798
2024-04-08 12:52:40.800000,0.8126816394784061
2024-04-08 12:52:48,0.8117789823418294
2024-04-08 12:52:55.200000,0.8107624019743909
2024-04-08 12:53:02.400000,0.8098576196444925
2024-04-08 12:53:09.600000,0.808951562535245
2024-04-08 12:53:16.800000,0.8079311755670552
2024-04-08 12:53:24,0.807022831687533
2024-04-08 12:53:31.200000,0.8061136119056458
2024-04-08 12:53:38.400000,0.8050894680926403
2024-04-08 12:53:45.600000,0.8041777985460011
2024-04-08 12:53:52.800000,0.8032652683847774
2024-04-08 12:54:00,0.8022374171724083
2024-04-08 12:54:07.200000,0.8013224658206388
2024-04-08 12:54:14.400000,0.8004066690586
2024-04-08 12:54:21.600000,0.7993751945976004
2024-04-08 12:54:28.800000,0.7984570044278921
2024-04-08 12:54:36,0.7975379839720603
2024-04-08 12:54:43.200000,0.796617941411868
2024-04-08 12:54:50.400000,0.7955814794432755
2024-04-08 12:54:57.600000,0.7946592792084248
2024-04-08 12:55:04.800000,0.7937360706784352
2024-04-08 12:55:12,0.7926962613387342
2024-04-08 12:55:19.200000,0.791770725320275
2024-04-08 12:55:26.400000,0.7908443938379924
2024-04-08 12:55:33.600000,0.7898010875802781
2024-04-08 12:55:40.800000,0.7888724565272663
2024-04-08 12:55:48,0.7879430449161026
2024-04-08 12:55:55.200000,0.7868962898466402
2024-04-08 12:56:02.400000,0.7859648083831312
2024-04-08 12:56:09.600000,0.7850323596797817
2024-04-08 12:56:16.800000,0.7839820013958457
2024-04-08 12:56:24,0.783047511354381
2024-04-08 12:56:31.200000,0.782112067651205
2024-04-08 12:56:38.400000,0.7810585589591299
2024-04-08 12:56:45.600000,0.780121103113803
2024-04-08 12:56:52.800000,0.7791825023784719
2024-04-08 12:57:00,0.7782431702065575
2024-04-08 12:57:07.200000,0.7771853278802137
2024-04-08 12:57:14.400000,0.7762440207792376
2024-04-08 12:57:21.600000,0.7753017913514209
2024-04-08 12:57:28.800000,0.774240686138882
2024-04-08 12:57:36,0.7732965110630261
2024-04-08 12:57:43.200000,0.7723514271091645
2024-04-08 12:57:50.400000,0.771286918573997
2024-04-08 12:57:57.600000,0.7703399171276466
2024-04-08 12:58:04.800000,0.7693920202241831
2024-04-08 12:58:12,0.7683245711977839
2024-04-08 12:58:19.200000,0.7673747856883884
2024-04-08 12:58:26.400000,0.7664241181202347
2024-04-08 12:58:33.600000,0.7653535681036557
2024-04-08 12:58:40.800000,0.7644010403813554
2024-04-08 12:58:48,0.7634476439812482
2024-04-08 12:58:55.200000,0.7624933831824238
2024-04-08 12:59:02.400000,0.7614188118837567
2024-04-08 12:59:09.600000,0.7604627284409213
2024-04-08 12:59:16.800000,0.7595057939654386
2024-04-08 12:59:24,0.7584282307544334
2024-04-08 12:59:31.200000,0.7574695020311919
2024-04-08 12:59:38.400000,0.7565099356363023
2024-04-08 12:59:45.600000,0.7554294274859563
2024-04-08 12:59:52.800000,0.7544680981620858
2024-04-08 13:00:00,0.7535059408770981
2024-04-08 13:00:07.200000,0.7524225339454904
2024-04-08 13:00:14.400000,0.7514586391973217
2024-04-08 13:00:21.600000,0.7504939335039704
2024-04-08 13:00:28.800000,0.7495284211450854
2024-04-08 13:00:36,0.7484412608543549
2024-04-08 13:00:43.200000,0.7474740485474085
2024-04-08 13:00:50.400000,0.7465060429584158
2024-04-08 13:00:57.600000,0.7454160937880573
2024-04-08 13:01:04.800000,0.7444466358010229
2024-04-08 13:01:12,0.74347617924047
2024-04-08 13:01:19.200000,0.7423834887566074
2024-04-08 13:01:26.400000,0.7414113892123618
2024-04-08 13:01:33.600000,0.7404385232159851
2024-04-08 13:01:40.800000,0.7394648950703916
2024-04-08 13:01:48,0.7383686577620436
2024-04-08 13:01:55.200000,0.7373934243518988
2024-04-08 13:02:02.400000,0.7364176646392502
2024-04-08 13:02:09.600000,0.7353187957070686
2024-04-08 13:02:16.800000,0.7343412374136636
2024-04-08 13:02:24,0.7333629439482305
2024-04-08 13:02:31.200000,0.7322614762962343
2024-04-08 13:02:38.400000,0.7312818586871852
2024-04-08 13:02:45.600000,0.7303012953791188
2024-04-08 13:02:52.800000,0.7293200147976413
2024-04-08 13:03:00,0.7282152221977828
2024-04-08 13:03:07.200000,0.727232431870632
2024-04-08 13:03:14.400000,0.7262491644309552
2024-04-08 13:03:21.600000,0.725141898518871
2024-04-08 13:03:28.800000,0.7241569242078173
2024-04-08 13:03:36,0.7231712599283819
2024-04-08 13:03:43.200000,0.7220617966087639
2024-04-08 13:03:50.400000,0.7210746811433579
2024-04-08 13:03:57.600000,0.7200868894594797
2024-04-08 13:04:04.800000,0.7190986554402033
2024-04-08 13:04:12,0.7179858369660194
2024-04-08 13:04:19.200000,0.7169959609986266
2024-04-08 13:04:26.400000,0.7160056578139035
2024-04-08 13:04:33.600000,0.7148905266893444
2024-04-08 13:04:40.800000,0.7138986098061426
2024-04-08 13:04:48,0.7129062809114635
2024-04-08 13:04:55.200000,0.7117888861227464
2024-04-08 13:05:02.400000,0.7107949719614484
2024-04-08 13:05:09.600000,0.7098006610900947
2024-04-08 13:05:16.800000,0.7088054588516675
2024-04-08 13:05:24,0.7076851505119857
2024-04-08 13:05:31.200000,0.7066889008768507
2024-04-08 13:05:38.400000,0.7056918057523622
2024-04-08 13:05:45.600000,0.7045695841149677
2024-04-08 13:05:52.800000,0.7035712054531316
2024-04-08 13:06:00,0.7025722297263455
2024-04-08 13:06:07.200000,0.701572898203264
2024-04-08 13:06:14.400000,0.7004476819799181
2024-04-08 13:06:21.600000,0.6994471080381963
2024-04-08 13:06:28.800000,0.6984457189041016
2024-04-08 13:06:36,0.6973187094004881
2024-04-08 13:06:43.200000,0.6963161077624607
2024-04-08 13:06:50.400000,0.6953131819028845
2024-04-08 13:06:57.600000,0.6943094583833961
2024-04-08 13:07:04.800000,0.6931798474887477
2024-04-08 13:07:12,0.692174952555125
2024-04-08 13:07:19.200000,0.6911697545523424
2024-04-08 13:07:26.400000,0.6900379917421522
2024-04-08 13:07:33.600000,0.6890316547057749
2024-04-08 13:07:40.800000,0.6880245470376642
2024-04-08 13:07:48,0.6868911671469307
2024-04-08 13:07:55.200000,0.6858828990869166
2024-04-08 13:08:02.400000,0.6848744119640604
2024-04-08 13:08:09.600000,0.6838651723852015
2024-04-08 13:08:16.800000,0.6827294197277265
2024-04-08 13:08:24,0.6817193595506803
2024-04-08 13:08:31.200000,0.680708560886236
2024-04-08 13:08:38.400000,0.6795710739346894
2024-04-08 13:08:45.600000,0.6785592424171136
2024-04-08 13:08:52.800000,0.6775471791126919
2024-04-08 13:09:00,0.6765346431689644
2024-04-08 13:09:07.200000,0.6753947029660468
2024-04-08 13:09:14.400000,0.6743811788665468
2024-04-08 13:09:21.600000,0.6733669494073504
2024-04-08 13:09:28.800000,0.672225649397035
2024-04-08 13:09:36,0.6712107139440509
2024-04-08 13:09:43.200000,0.6701950877500626
2024-04-08 13:09:50.400000,0.6691792751741505
2024-04-08 13:09:57.600000,0.6680359402584066
2024-04-08 13:10:04.800000,0.667018967685126
2024-04-08 13:10:12,0.666001826354842
2024-04-08 13:10:19.200000,0.6648570159683049
2024-04-08 13:10:26.400000,0.6638390006519623
2024-04-08 13:10:33.600000,0.6628203293909107
2024-04-08 13:10:40.800000,0.6618014395072611
2024-04-08 13:10:48,0.660654769720245
2024-04-08 13:10:55.200000,0.6596348709318378
2024-04-08 13:11:02.400000,0.6586148452848444
2024-04-08 13:11:09.600000,0.6575944443331021
2024-04-08 13:11:16.800000,0.6564460195244004
2024-04-08 13:11:24,0.6554245830843082
2024-04-08 13:11:31.200000,0.6544030443139865
2024-04-08 13:11:38.400000,0.6532533600232879
2024-04-08 13:11:45.600000,0.6522310789083998
2024-04-08 13:11:52.800000,0.651208457293491
2024-04-08 13:12:00,0.6501852424068162
2024-04-08 13:12:07.200000,0.6490339904615062
2024-04-08 13:12:14.400000,0.6480103410753845
2024-04-08 13:12:21.600000,0.6469863748599183
2024-04-08 13:12:28.800000,0.6458340088691167
2024-04-08 13:12:36,0.6448093887315391
2024-04-08 13:12:43.200000,0.6437842088184337
2024-04-08 13:12:50.400000,0.6427589971798028
2024-04-08 13:12:57.600000,0.641605259064311
2024-04-08 13:13:04.800000,0.6405794456073304
2024-04-08 13:13:12,0.6395532643146272
2024-04-08 13:13:19.200000,0.6383985625924775
2024-04-08 13:13:26.400000,0.637371913032259
2024-04-08 13:13:33.600000,0.6363450089641186
2024-04-08 13:13:40.800000,0.6353178566263681
2024-04-08 13:13:48,0.6341619881112424
2024-04-08 13:13:55.200000,0.6331340629989578
2024-04-08 13:14:02.400000,0.6321061749872948
2024-04-08 13:14:09.600000,0.6310780649083519
2024-04-08 13:14:16.800000,0.6299211502485007
2024-04-08 13:14:24,0.6288925897622397
2024-04-08 13:14:31.200000,0.6278638275896022
2024-04-08 13:14:38.400000,0.6267062036917352
2024-04-08 13:14:45.600000,0.6256770349306815
2024-04-08 13:14:52.800000,0.6246476853501086
2024-04-08 13:15:00,0.6236181617346375
2024-04-08 13:15:07.200000,0.6224597142880566
2024-04-08 13:15:14.400000,0.6214298435614597
2024-04-08 13:15:21.600000,0.6203998203515873
2024-04-08 13:15:28.800000,0.6192408366509997
2024-04-08 13:15:36,0.6182105127077911
2024-04-08 13:15:43.200000,0.6171800583867442
2024-04-08 13:15:50.400000,0.6161493639731639
2024-04-08 13:15:57.600000,0.6149900650704236
2024-04-08 13:16:04.800000,0.6139592493699328
2024-04-08 13:16:12,0.6129283333724651
2024-04-08 13:16:19.200000,0.6118973245334258
2024-04-08 13:16:26.400000,0.6107373034211627
2024-04-08 13:16:33.600000,0.6097061222885731
2024-04-08 13:16:40.800000,0.6086748720426955
2024-04-08 13:16:48,0.6075146077828917
2024-04-08 13:16:55.200000,0.6064832363806874
2024-04-08 13:17:02.400000,0.6054518202752707
2024-04-08 13:17:09.600000,0.604420646974734
2024-04-08 13:17:16.800000,0.6032601941685257
2024-04-08 13:17:24,0.6022286904711598
2024-04-08 13:17:31.200000,0.6011971754067875
2024-04-08 13:17:38.400000,0.6001656572573643
2024-04-08 13:17:45.600000,0.5990051707914785
2024-04-08 13:17:52.800000,0.5979739566218627
2024-04-08 13:18:00,0.5969424835675226
2024-04-08 13:18:07.200000,0.595782079535323
2024-04-08 13:18:14.400000,0.5947506847477968
2024-04-08 13:18:21.600000,0.593719340545774
2024-04-08 13:18:28.800000,0.5926882000505053
2024-04-08 13:18:36,0.5915280506815315
2024-04-08 13:18:43.200000,0.5904969217598105
2024-04-08 13:18:50.400000,0.589465880780108
2024-04-08 13:18:57.600000,0.588435224609128
2024-04-08 13:19:04.800000,0.5872755054477232
2024-04-08 13:19:12,0.586244800197277
2024-04-08 13:19:19.200000,0.5852145111683298
2024-04-08 13:19:26.400000,0.5841840701745872
2024-04-08 13:19:33.600000,0.5830249634571583
2024-04-08 13:19:40.800000,0.581994845775537
2024-04-08 13:19:48,0.5809651874292449
2024-04-08 13:19:55.200000,0.5798066713644874
2024-04-08 13:20:02.400000,0.5787771127851804
2024-04-08 13:20:09.600000,0.5777480475410097
2024-04-08 13:20:16.800000,0.5767189004072837
2024-04-08 13:20:24,0.575561338325776
2024-04-08 13:20:31.200000,0.5745329695815022
2024-04-08 13:20:38.400000,0.5735045511180812
2024-04-08 13:20:45.600000,0.5724763884176567
2024-04-08 13:20:52.800000,0.571320284715864
2024-04-08 13:21:00,0.5702925376109775
2024-04-08 13:21:07.200000,0.5692655445253056
2024-04-08 13:21:14.400000,0.5682385573234212
2024-04-08 13:21:21.600000,0.5670835364498164
2024-04-08 13:21:28.800000,0.5660575325135389
2024-04-08 13:21:36,0.5650315702445519
2024-04-08 13:21:43.200000,0.5638780485724639
2024-04-08 13:21:50.400000,0.56285285202287
2024-04-08 13:21:57.600000,0.5618283373502916
2024-04-08 13:22:04.800000,0.5608039139562337
2024-04-08 13:22:12,0.5596521886938454
2024-04-08 13:22:19.200000,0.5586286438949086
2024-04-08 13:22:26.400000,0.5576058376785402
2024-04-08 13:22:33.600000,0.5565831752835462
2024-04-08 13:22:40.800000,0.5554335000016728
2024-04-08 13:22:48,0.5544118356216975
2024-04-08 13:22:55.200000,0.5533909697639656
2024-04-08 13:23:02.400000,0.5523703034772273
2024-04-08 13:23:09.600000,0.5512229466985936
2024-04-08 13:23:16.800000,0.5502034050060159
2024-04-08 13:23:24,0.549184725313965
2024-04-08 13:23:31.200000,0.5480388111335914
2024-04-08 13:23:38.400000,0.5470213571709952
2024-04-08 13:23:45.600000,0.5460041940483948
2024-04-08 13:23:52.800000,0.5449879602781031
2024-04-08 13:24:00,0.5438453786320537
2024-04-08 13:24:07.200000,0.542830199859807
2024-04-08 13:24:14.400000,0.5418160042823206
2024-04-08 13:24:21.600000,0.5408021812731107
2024-04-08 13:24:28.800000,0.5396627483209546
2024-04-08 13:24:36,0.5386507582338225
2024-04-08 13:24:43.200000,0.5376391939526064
2024-04-08 13:24:50.400000,0.536628706943818
2024-04-08 13:24:57.600000,0.5354924439358903
2024-04-08 13:25:04.800000,0.5344836353534717
2024-04-08 13:25:12,0.533475646911073
2024-04-08 13:25:19.200000,0.5324681777896104
2024-04-08 13:25:26.400000,0.5313360829266816
2024-04-08 13:25:33.600000,0.5303307842512042
2024-04-08 13:25:40.800000,0.5293263886352881
2024-04-08 13:25:48,0.528322593805356
2024-04-08 13:25:55.200000,0.5271947376379285
2024-04-08 13:26:02.400000,0.5261930787274346
2024-04-08 13:26:09.600000,0.5251923064721393
2024-04-08 13:26:16.800000,0.5240679354304241
2024-04-08 13:26:24,0.5230696713603418
2024-04-08 13:26:31.200000,0.5220724712553985
2024-04-08 13:26:38.400000,0.5210760304871007
2024-04-08 13:26:45.600000,0.5199566516441743
2024-04-08 13:26:52.800000,0.5189629314521336
2024-04-08 13:27:00,0.5179703766340177
2024-04-08 13:27:07.200000,0.5169786813661919
2024-04-08 13:27:14.400000,0.5158647698126785
2024-04-08 13:27:21.600000,0.51487602427596
2024-04-08 13:27:28.800000,0.5138885537049065
2024-04-08 13:27:36,0.5129023860077103
2024-04-08 13:27:43.200000,0.5117941205467215
2024-04-08 13:27:50.400000,0.5108108156701311
2024-04-08 13:27:57.600000,0.5098289045059179
2024-04-08 13:28:04.800000,0.5088484173443126
2024-04-08 13:28:12,0.5077470251787527
2024-04-08 13:28:19.200000,0.5067696672471198
2024-04-08 13:28:26.400000,0.5057938320564177
2024-04-08 13:28:33.600000,0.5048189576618707
2024-04-08 13:28:40.800000,0.5037247064383963
2024-04-08 13:28:48,0.5027538428914342
2024-04-08 13:28:55.200000,0.5017846426712647
2024-04-08 13:29:02.400000,0.5008171417713398
2024-04-08 13:29:09.600000,0.4997306938205718
2024-04-08 13:29:16.800000,0.49876692691109037
2024-04-08 13:29:24,0.49780497701368653
2024-04-08 13:29:31.200000,0.4968448835490539
2024-04-08 13:29:38.400000,0.4957669602505276
2024-04-08 13:29:45.600000,0.4948109465093423
2024-04-08 13:29:52.800000,0.49385691831719036
2024-04-08 13:30:00,0.49290491899531774
2024-04-08 13:30:07.200000,0.4918363117927408
2024-04-08 13:30:14.400000,0.4908887721530416
2024-04-08 13:30:21.600000,0.48994340353225696
2024-04-08 13:30:28.800000,0.48888242931500103
2024-04-08 13:30:36,0.4879418339818744
2024-04-08 13:30:43.200000,0.48700356294045366
2024-04-08 13:30:50.400000,0.48606766778755817
2024-04-08 13:30:57.600000,0.48501760147475026
2024-04-08 13:31:04.800000,0.48408664218555963
2024-04-08 13:31:12,0.4831585168707263
2024-04-08 13:31:19.200000,0.4822329946445387
2024-04-08 13:31:26.400000,0.4811948757710639
2024-04-08 13:31:33.600000,0.48027508214676917
2024-04-08 13:31:40.800000,0.47935808076061504
2024-04-08 13:31:48,0.47844393556618203
2024-04-08 13:31:55.200000,0.47741892586984913
2024-04-08 13:32:02.400000,0.47651107032165396
2024-04-08 13:32:09.600000,0.47560628254634163
2024-04-08 13:32:16.800000,0.47470500682654637
2024-04-08 13:32:24,0.4736944049770334
2024-04-08 13:32:31.200000,0.47279967671080747
2024-04-08 13:32:38.400000,0.47190832586084297
2024-04-08 13:32:45.600000,0.4710204332941287
2024-04-08 13:32:52.800000,0.4700256970503971
2024-04-08 13:33:00,0.46914543291421384
2024-04-08 13:33:07.200000,0.4682692773674475
2024-04-08 13:33:14.400000,0.46739656095118576
2024-04-08 13:33:21.600000,0.46641934205856583
2024-04-08 13:33:28.800000,0.46555505918322004
2024-04-08 13:33:36,0.46469456855364777
2024-04-08 13:33:43.200000,0.46383902697730395
2024-04-08 13:33:50.400000,0.46288120200892957
2024-04-08 13:33:57.600000,0.4620346272396043
2024-04-08 13:34:04.800000,0.4611926339654756
2024-04-08 13:34:12,0.46035534285893687
2024-04-08 13:34:19.200000,0.45941946318384264
2024-04-08 13:34:26.400000,0.45859258615558773
2024-04-08 13:34:33.600000,0.457770817589645
2024-04-08 13:34:40.800000,0.45695429770461715
2024-04-08 13:34:48,0.45604246925754577
2024-04-08 13:34:55.200000,0.4552375947165539
2024-04-08 13:35:02.400000,0.45443844345028184
2024-04-08 13:35:09.600000,0.4536455863343758
2024-04-08 13:35:16.800000,0.4527603168268074
2024-04-08 13:35:24,0.45198014545591647
2024-04-08 13:35:31.200000,0.45120683445102394
2024-04-08 13:35:38.400000,0.4504397586198159
2024-04-08 13:35:45.600000,0.4495848926701115
2024-04-08 13:35:52.800000,0.44883304587367834
2024-04-08 13:36:00,0.448087715788008
2024-04-08 13:36:07.200000,0.44735032267096864
2024-04-08 13:36:14.400000,0.4465304126468823
2024-04-08 13:36:21.600000,0.445809915785639
2024-04-08 13:36:28.800000,0.4450977942529245
2024-04-08 13:36:36,0.4443947693745356
2024-04-08 13:36:43.200000,0.44361402337571976
2024-04-08 13:36:50.400000,0.4429304700050771
2024-04-08 13:36:57.600000,0.4422561781935159
2024-04-08 13:37:04.800000,0.44159194954455494
2024-04-08 13:37:12,0.44085754307625424
2024-04-08 13:37:19.200000,0.4402160408756951
2024-04-08 13:37:26.400000,0.43958636942132656
2024-04-08 13:37:33.600000,0.4389681251913685
2024-04-08 13:37:40.800000,0.4382877812708559
2024-04-08 13:37:48,0.4376965530301905
2024-04-08 13:37:55.200000,0.4371194328658182
2024-04-08 13:38:02.400000,0.4365561821566504
2024-04-08 13:38:09.600000,0.43600845623765594
2024-04-08 13:38:16.800000,0.43541064557666664
2024-04-08 13:38:24,0.4348972724470609
2024-04-08 13:38:31.200000,0.4344017976158362
2024-04-08 13:38:38.400000,0.43392585412049
2024-04-08 13:38:45.600000,0.43341417048814734
2024-04-08 13:38:52.800000,0.4329833138749608
2024-04-08 13:39:00,0.4325758488823207
2024-04-08 13:39:07.200000,0.43219492022772665
2024-04-08 13:39:14.400000,0.4318001702838892
2024-04-08 13:39:21.600000,0.43148439484511025
2024-04-08 13:39:28.800000,0.43120606282084606
2024-04-08 13:39:36,0.430971824494209
2024-04-08 13:39:43.200000,0.4307784510386945
2024-04-08 13:39:50.400000,0.4307187643666204
2024-04-08 13:39:57.600000,0.43072045236745526
2024-04-08 13:40:04.800000,0.43072214036578804
2024-04-08 13:40:12,0.4307232656966191
2024-04-08 13:40:19.200000,0.4307249536907807
2024-04-08 13:40:26.400000,0.4307266416824399
2024-04-08 13:40:33.600000,0.430727767008822
2024-04-08 13:40:40.800000,0.4307294549963099
2024-04-08 13:40:48,0.43072998598051326
2024-04-08 13:40:55.200000,0.4307316739655924
2024-04-08 13:41:02.400000,0.43073336194816914
2024-04-08 13:41:09.600000,0.4307350499282433
2024-04-08 13:41:16.800000,0.43073617524690244
2024-04-08 13:41:24,0.4307378632228056
2024-04-08 13:41:31.200000,0.4307395511962061
2024-04-08 13:41:38.400000,0.43074067651041614
2024-04-08 13:41:45.600000,0.43074236447964576
2024-04-08 13:41:52.800000,0.4307440524463728
2024-04-08 13:42:00,0.4307457404105972
2024-04-08 13:42:07.200000,0.4307468657186898
2024-04-08 13:42:14.400000,0.4307485536787432
2024-04-08 13:42:21.600000,0.43075024163629394
2024-04-08 13:42:28.800000,0.430751929591342
2024-04-08 13:42:36,0.4307530548933174
2024-04-08 13:42:43.200000,0.4307547428441947
2024-04-08 13:42:50.400000,0.4307564307925691
2024-04-08 13:42:57.600000,0.4307581187384413
2024-04-08 13:43:04.800000,0.4307598066818107
2024-04-08 13:43:12,0.4307603376679797
2024-04-08 13:43:19.200000,0.4307620256089404
2024-04-08 13:43:26.400000,0.4307637135473986
2024-04-08 13:43:33.600000,0.4307654014833542
2024-04-08 13:43:40.800000,0.4307670894168073
2024-04-08 13:43:48,0.43076877734775765
2024-04-08 13:43:55.200000,0.43076990263366766
2024-04-08 13:44:02.400000,0.430771590560447
2024-04-08 13:44:09.600000,0.4307732784847239
2024-04-08 13:44:16.800000,0.43077496640649815
2024-04-08 13:44:24,0.4307766543257697
2024-04-08 13:44:31.200000,0.43077834224253886
2024-04-08 13:44:38.400000,0.4307800301568053
2024-04-08 13:44:45.600000,0.43078171806856924
2024-04-08 13:44:52.800000,0.4307834059778305
2024-04-08 13:45:00,0.4307850938845892
2024-04-08 13:45:07.200000,0.4307862191543713
2024-04-08 13:45:14.400000,0.4307879070569589
2024-04-08 13:45:21.600000,0.43078959495704383
2024-04-08 13:45:28.800000,0.43079128285462676
2024-04-08 13:45:36,0.4307923764748257
2024-04-08 13:45:43.200000,0.43079406436916534
2024-04-08 13:45:50.400000,0.4307957522610023
2024-04-08 13:45:57.600000,0.4307974401503367
2024-04-08 13:46:04.800000,0.43079912803716847
2024-04-08 13:46:12,0.43080081592149766
2024-04-08 13:46:19.200000,0.4308025038033242
2024-04-08 13:46:26.400000,0.4308041916826483
2024-04-08 13:46:33.600000,0.4308058795594697
2024-04-08 13:46:40.800000,0.43080756743378845
2024-04-08 13:46:48,0.43080925530560477
2024-04-08 13:46:55.200000,0.4308109431749184
2024-04-08 13:47:02.400000,0.4308126310417294
2024-04-08 13:47:09.600000,0.4308148815269178
2024-04-08 13:47:16.800000,0.43081656938788926
2024-04-08 13:47:24,0.43081825724635847
2024-04-08 13:47:31.200000,0.430819945102325
2024-04-08 13:47:38.400000,0.4308216329557887
2024-04-08 13:47:45.600000,0.4308233208067501
2024-04-08 13:47:52.800000,0.4308250086552087
2024-04-08 13:48:00,0.4308261022611847
2024-04-08 13:48:07.200000,0.4308277901064006
2024-04-08 13:48:14.400000,0.43083004056279495
2024-04-08 13:48:21.600000,0.4308317284021713
2024-04-08 13:48:28.800000,0.4308334162390449
2024-04-08 13:48:36,0.4308351040734161
2024-04-08 13:48:43.200000,0.43083679190528457
2024-04-08 13:48:50.400000,0.4308384797346504
2024-04-08 13:48:57.600000,0.430840730169912
2024-04-08 13:49:04.800000,0.4308424179934385
2024-04-08 13:49:12,0.4308441058144623
2024-04-08 13:49:19.200000,0.4308457936329836
2024-04-08 13:49:26.400000,0.4308474814490023
2024-04-08 13:49:33.600000,0.4308497318664676
2024-04-08 13:49:40.800000,0.430851419676647
2024-04-08 13:49:48,0.4308531074843235
2024-04-08 13:49:55.200000,0.43085479528949777
2024-04-08 13:50:02.400000,0.4308564830921693
2024-04-08 13:50:09.600000,0.43085873349183823
2024-04-08 13:50:16.800000,0.4308598270835904
2024-04-08 13:50:24,0.4308615148796817
2024-04-08 13:50:31.200000,0.4308637652705777
2024-04-08 13:50:38.400000,0.43086545306083
2024-04-08 13:50:45.600000,0.4308671408485797
2024-04-08 13:50:52.800000,0.4308688286338267
2024-04-08 13:51:00,0.4308710790102632
2024-04-08 13:51:07.200000,0.4308727667896709
2024-04-08 13:51:14.400000,0.4308744545665759
2024-04-08 13:51:21.600000,0.4308767049318897
2024-04-08 13:51:28.800000,0.43087839270295536
2024-04-08 13:51:36,0.4308800804715184
2024-04-08 13:51:43.200000,0.4308823308257096
2024-04-08 13:51:50.400000,0.4308840185884333
2024-04-08 13:51:57.600000,0.4308862689348385
2024-04-08 13:52:04.800000,0.43088795669172275
2024-04-08 13:52:12,0.4308896444461041
2024-04-08 13:52:19.200000,0.430891894781387
2024-04-08 13:52:26.400000,0.43089358252992904
2024-04-08 13:52:33.600000,0.4308958328574257
2024-04-08 13:52:40.800000,0.43089692643347155
2024-04-08 13:52:48,0.43089861417543396
2024-04-08 13:52:55.200000,0.43090086449415743
2024-04-08 13:53:02.400000,0.4309025522302804
2024-04-08 13:53:09.600000,0.430904802541218
2024-04-08 13:53:16.800000,0.4309064902715015
2024-04-08 13:53:24,0.43090874057465334
2024-04-08 13:53:31.200000,0.4309104282990974
2024-04-08 13:53:38.400000,0.43091267859446325
2024-04-08 13:53:45.600000,0.430914366313068
2024-04-08 13:53:52.800000,0.43091661660064806
2024-04-08 13:54:00,0.4309183043134134
2024-04-08 13:54:07.200000,0.43092055459320755
2024-04-08 13:54:14.400000,0.4309222423001331
2024-04-08 13:54:21.600000,0.4309244925721416
2024-04-08 13:54:28.800000,0.43092618027322793
2024-04-08 13:54:36,0.43092843053745034
2024-04-08 13:54:43.200000,0.43093011823269745
2024-04-08 13:54:50.400000,0.43093236848913397
2024-04-08 13:54:57.600000,0.43093346204971894
2024-04-08 13:55:04.800000,0.4309357123007189
2024-04-08 13:55:12,0.4309379625472699
2024-04-08 13:55:19.200000,0.4309396502292633
2024-04-08 13:55:26.400000,0.4309419004680284
2024-04-08 13:55:33.600000,0.43094358814418243
2024-04-08 13:55:40.800000,0.43094583837516165
2024-04-08 13:55:48,0.43094808860169176
2024-04-08 13:55:55.200000,0.4309497762686696
2024-04-08 13:56:02.400000,0.4309520264874138
2024-04-08 13:56:09.600000,0.430953714148552
2024-04-08 13:56:16.800000,0.43095596435951056
2024-04-08 13:56:24,0.4309582145660197
2024-04-08 13:56:31.200000,0.43095990221798186
2024-04-08 13:56:38.400000,0.4309621524167052
2024-04-08 13:56:45.600000,0.43096440261097946
2024-04-08 13:56:52.800000,0.43096609025376553
2024-04-08 13:57:00,0.4309683404402539
2024-04-08 13:57:07.200000,0.43097059062229326
2024-04-08 13:57:14.400000,0.43097168416667575
2024-04-08 13:57:21.600000,0.4309739343432786
2024-04-08 13:57:28.800000,0.4309761845154322
2024-04-08 13:57:36,0.4309784346831368
2024-04-08 13:57:43.200000,0.43098012230599547
2024-04-08 13:57:50.400000,0.4309823724659141
2024-04-08 13:57:57.600000,0.4309846226213837
2024-04-08 13:58:04.800000,0.43098687277240433
2024-04-08 13:58:12,0.4309885603827499
2024-04-08 13:58:19.200000,0.4309908105259844
2024-04-08 13:58:26.400000,0.43099306066477017
2024-04-08 13:58:33.600000,0.43099531079910636
2024-04-08 13:58:40.800000,0.4309975609289938
2024-04-08 13:58:48,0.4309992485234896
2024-04-08 13:58:55.200000,0.4310014986455911
2024-04-08 13:59:02.400000,0.43100374876324354
2024-04-08 13:59:09.600000,0.43100599887644697
2024-04-08 13:59:16.800000,0.4310082489852012
2024-04-08 13:59:24,0.4310104990895064
2024-04-08 13:59:31.200000,0.43101159261694433
2024-04-08 13:59:38.400000,0.4310138427158129
2024-04-08 13:59:45.600000,0.4310160928102321
2024-04-08 13:59:52.800000,0.43101834290020236
2024-04-08 14:00:00,0.4310205929857238
2024-04-08 14:00:07.200000,0.4310228430667957
2024-04-08 14:00:14.400000,0.4310250931434191
2024-04-08 14:00:21.600000,0.4310273432155929
2024-04-08 14:00:28.800000,0.43102903076680354
2024-04-08 14:00:36,0.4310312808311917
2024-04-08 14:00:43.200000,0.4310335308911307
2024-04-08 14:00:50.400000,0.43103578094662054
2024-04-08 14:00:57.600000,0.43103803099766136
2024-04-08 14:01:04.800000,0.4310402810442532
2024-04-08 14:01:12,0.4310425310863958
2024-04-08 14:01:19.200000,0.4310447811240894
2024-04-08 14:01:26.400000,0.4310470311573339
2024-04-08 14:01:33.600000,0.4310492811861294
2024-04-08 14:01:40.800000,0.4310515312104757
2024-04-08 14:01:48,0.4310531872256178
2024-04-08 14:01:55.200000,0.4310554372434148
2024-04-08 14:02:02.400000,0.4310576872567633
2024-04-08 14:02:09.600000,0.43105993726566205
2024-04-08 14:02:16.800000,0.43106218727011236
2024-04-08 14:02:24,0.431064437270113
2024-04-08 14:02:31.200000,0.4310666872656649
2024-04-08 14:02:38.400000,0.43106893725676754
2024-04-08 14:02:45.600000,0.4310711872434212
2024-04-08 14:02:52.800000,0.43107343722562586
2024-04-08 14:03:00,0.4310756872033813
2024-04-08 14:03:07.200000,0.43107793717668763
2024-04-08 14:03:14.400000,0.43108018714554497
2024-04-08 14:03:21.600000,0.4310829996003598
2024-04-08 14:03:28.800000,0.4310852495592069
2024-04-08 14:03:36,0.43108749951360437
2024-04-08 14:03:43.200000,0.4310897494635534
2024-04-08 14:03:50.400000,0.43109199940905263
2024-04-08 14:03:57.600000,0.43109424935010343
2024-04-08 14:04:04.800000,0.43109590532623954
2024-04-08 14:04:12,0.4310981552607409
2024-04-08 14:04:19.200000,0.4311009676726111
2024-04-08 14:04:26.400000,0.4311032175971019
2024-04-08 14:04:33.600000,0.43110546751714374
2024-04-08 14:04:40.800000,0.43110771743273646
2024-04-08 14:04:48,0.4311099673438801
2024-04-08 14:04:55.200000,0.4311122172505746
2024-04-08 14:05:02.400000,0.4311150296276861
2024-04-08 14:05:09.600000,0.4311172795243702
2024-04-08 14:05:16.800000,0.4311195294166049
2024-04-08 14:05:24,0.431121779304391
2024-04-08 14:05:31.200000,0.4311240291877275
2024-04-08 14:05:38.400000,0.4311268415356422
2024-04-08 14:05:45.600000,0.43112909140896827
2024-04-08 14:05:52.800000,0.4311313412778457
2024-04-08 14:06:00,0.43113359114227356
2024-04-08 14:06:07.200000,0.43113640346655224
2024-04-08 14:06:14.400000,0.4311386533209699
2024-04-08 14:06:21.600000,0.431159014613237
2024-04-08 14:06:28.800000,0.4313004096131625
2024-04-08 14:06:36,0.43154062264931037
2024-04-08 14:06:43.200000,0.43180634198626133
2024-04-08 14:06:50.400000,0.432111750071808
2024-04-08 14:06:57.600000,0.4324518373066727
2024-04-08 14:07:04.800000,0.43286961974858995
2024-04-08 14:07:12,0.4332699316207054
2024-04-08 14:07:19.200000,0.43369532160135293
2024-04-08 14:07:26.400000,0.43420010954891475
2024-04-08 14:07:33.600000,0.43467125594397327
2024-04-08 14:07:40.800000,0.4351623602785124
2024-04-08 14:07:48,0.4356712746559448
2024-04-08 14:07:55.200000,0.43626457717540423
2024-04-08 14:08:02.400000,0.4368089673491402
2024-04-08 14:08:09.600000,0.4373686845007546
2024-04-08 14:08:16.800000,0.43794342214289217
2024-04-08 14:08:24,0.4386058066439332
2024-04-08 14:08:31.200000,0.43920881932794587
2024-04-08 14:08:38.400000,0.43982439261559214
2024-04-08 14:08:45.600000,0.44045200528501427
2024-04-08 14:08:52.800000,0.4411720618557484
2024-04-08 14:09:00,0.4418236444677731
2024-04-08 14:09:07.200000,0.4424862550084486
2024-04-08 14:09:14.400000,0.44315861490595676
2024-04-08 14:09:21.600000,0.4439269445076016
2024-04-08 14:09:28.800000,0.4446197265797265
2024-04-08 14:09:36,0.44532201539454463
2024-04-08 14:09:43.200000,0.4461218553224947
2024-04-08 14:09:50.400000,0.44684240831940425
2024-04-08 14:09:57.600000,0.44757068641894826
2024-04-08 14:10:04.800000,0.44830726852836045
2024-04-08 14:10:12,0.4491443504693494
2024-04-08 14:10:19.200000,0.4498968573526273
2024-04-08 14:10:26.400000,0.4506560800929169
2024-04-08 14:10:33.600000,0.45142263044212594
2024-04-08 14:10:40.800000,0.45229233671790914
2024-04-08 14:10:48,0.45307253014106863
2024-04-08 14:10:55.200000,0.4538589800679539
2024-04-08 14:11:02.400000,0.4547512377483819
2024-04-08 14:11:09.600000,0.4555508742510017
2024-04-08 14:11:16.800000,0.45635585832553105
2024-04-08 14:11:24,0.4571668355041799
2024-04-08 14:11:31.200000,0.45808502827008113
2024-04-08 14:11:38.400000,0.45890738454397784
2024-04-08 14:11:45.600000,0.45973487058670537
2024-04-08 14:11:52.800000,0.4605669562888407
2024-04-08 14:12:00,0.46150905829127964
2024-04-08 14:12:07.200000,0.4623513313191657
2024-04-08 14:12:14.400000,0.463198595883876
2024-04-08 14:12:21.600000,0.46415687737410893
2024-04-08 14:12:28.800000,0.4650131445012632
2024-04-08 14:12:36,0.4658740452579798
2024-04-08 14:12:43.200000,0.4667390860366679
2024-04-08 14:12:50.400000,0.46771645665801354
2024-04-08 14:12:57.600000,0.46858963781992224
2024-04-08 14:13:04.800000,0.4694669774213225
2024-04-08 14:13:12,0.4703480565414103
2024-04-08 14:13:19.200000,0.47134301553234537
2024-04-08 14:13:26.400000,0.47223174949141045
2024-04-08 14:13:33.600000,0.4731239523347044
2024-04-08 14:13:40.800000,0.4741311181334463
2024-04-08 14:13:48,0.4750304272071483
2024-04-08 14:13:55.200000,0.4759329588264887
2024-04-08 14:14:02.400000,0.47683863880549204
2024-04-08 14:14:09.600000,0.4778606023129506
2024-04-08 14:14:16.800000,0.47877273748281857
2024-04-08 14:14:24,0.4796878022978682
2024-04-08 14:14:31.200000,0.480720441213377
2024-04-08 14:14:38.400000,0.4816415150940271
2024-04-08 14:14:45.600000,0.4825649542777438
2024-04-08 14:14:52.800000,0.48349142663105327
2024-04-08 14:15:00,0.48453659803122084
2024-04-08 14:15:07.200000,0.48546825876800126
2024-04-08 14:15:14.400000,0.48640269808729175
2024-04-08 14:15:21.600000,0.48745626674604636
2024-04-08 14:15:28.800000,0.48839581669888465
2024-04-08 14:15:36,0.4893376893912659
2024-04-08 14:15:43.200000,0.4902818344275368
2024-04-08 14:15:50.400000,0.4913464310624216
2024-04-08 14:15:57.600000,0.49229524363319943
2024-04-08 14:16:04.800000,0.4932461787686382
2024-04-08 14:16:12,0.49431824150529124
2024-04-08 14:16:19.200000,0.4952731870146343
2024-04-08 14:16:26.400000,0.4962304675787578
2024-04-08 14:16:33.600000,0.4971896893235508
2024-04-08 14:16:40.800000,0.4982708652271982
2024-04-08 14:16:48,0.4992340761917432
2024-04-08 14:16:55.200000,0.500199101979591
2024-04-08 14:17:02.400000,0.5012866616197833
2024-04-08 14:17:09.600000,0.5022554173636825
2024-04-08 14:17:16.800000,0.5032256134068736
2024-04-08 14:17:24,0.504197728699939
2024-04-08 14:17:31.200000,0.5052930864533025
2024-04-08 14:17:38.400000,0.5062686156504035
2024-04-08 14:17:45.600000,0.507245698057802
2024-04-08 14:17:52.800000,0.5083465194497289
2024-04-08 14:18:00,0.5093267942072159
2024-04-08 14:18:07.200000,0.510308521274454
2024-04-08 14:18:14.400000,0.5112916697113199
2024-04-08 14:18:21.600000,0.5123991632067298
2024-04-08 14:18:28.800000,0.5133852326308588
2024-04-08 14:18:36,0.5143726306595149
2024-04-08 14:18:43.200000,0.5154847978703865
2024-04-08 14:18:50.400000,0.5164749257699165
2024-04-08 14:18:57.600000,0.517466295068541
2024-04-08 14:19:04.800000,0.5184588789591924
2024-04-08 14:19:12,0.5195767486709447
2024-04-08 14:19:19.200000,0.5205718273303099
2024-04-08 14:19:26.400000,0.5215678113991011
2024-04-08 14:19:33.600000,0.5226896721367055
2024-04-08 14:19:40.800000,0.5236885416939085
2024-04-08 14:19:48,0.5246881415876941
2024-04-08 14:19:55.200000,0.5258137236138385
2024-04-08 14:20:02.400000,0.526815495023792
2024-04-08 14:20:09.600000,0.5278182526527164
2024-04-08 14:20:16.800000,0.5288219743573508
2024-04-08 14:20:24,0.5299520850243005
2024-04-08 14:20:31.200000,0.5309581058323138
2024-04-08 14:20:38.400000,0.5319647014907694
2024-04-08 14:20:45.600000,0.5330979683537689
2024-04-08 14:20:52.800000,0.5341064032598916
2024-04-08 14:21:00,0.5351156722278767
2024-04-08 14:21:07.200000,0.5362518735955282
2024-04-08 14:21:14.400000,0.5372631683517226
2024-04-08 14:21:21.600000,0.5382749189682685
2024-04-08 14:21:28.800000,0.5392874250478086
2024-04-08 14:21:36,0.5404269746846704
2024-04-08 14:21:43.200000,0.541441027555789
2024-04-08 14:21:50.400000,0.5424560938545179
2024-04-08 14:21:57.600000,0.5435983077732627
2024-04-08 14:22:04.800000,0.544614488429245
2024-04-08 14:22:12,0.5456313149953871
2024-04-08 14:22:19.200000,0.5467761131061462
2024-04-08 14:22:26.400000,0.5477942573465229
2024-04-08 14:22:33.600000,0.5488129966010986
2024-04-08 14:22:40.800000,0.5498326245452687
2024-04-08 14:22:48,0.5509798371738212
2024-04-08 14:22:55.200000,0.5520003349460592
2024-04-08 14:23:02.400000,0.5530213641130752
2024-04-08 14:23:09.600000,0.5541707536845775
2024-04-08 14:23:16.800000,0.5551928627961744
2024-04-08 14:23:24,0.5562154576025282
2024-04-08 14:23:31.200000,0.5573665539893958
2024-04-08 14:23:38.400000,0.5583901337798534
2024-04-08 14:23:45.600000,0.5594139763892785
2024-04-08 14:23:52.800000,0.5604387308986984
2024-04-08 14:24:00,0.5615915444154312
2024-04-08 14:24:07.200000,0.5626171635065988
2024-04-08 14:24:14.400000,0.5636428672762773
2024-04-08 14:24:21.600000,0.5647970428836764
2024-04-08 14:24:28.800000,0.5658238272185189
2024-04-08 14:24:36,0.5668506584958668
2024-04-08 14:24:43.200000,0.5680063558048096
2024-04-08 14:24:50.400000,0.5690338846656424
2024-04-08 14:24:57.600000,0.5700617230792981
2024-04-08 14:25:04.800000,0.571218507945715
2024-04-08 14:25:12,0.5722469648309565
2024-04-08 14:25:19.200000,0.5732759906275038
2024-04-08 14:25:26.400000,0.5744334388905715
2024-04-08 14:25:33.600000,0.5754630059182869
2024-04-08 14:25:40.800000,0.5764925156857508
2024-04-08 14:25:48,0.5775225460068586
2024-04-08 14:25:55.200000,0.5786809171769542
2024-04-08 14:26:02.400000,0.5797113938957
2024-04-08 14:26:09.600000,0.5807417713139336
2024-04-08 14:26:16.800000,0.5819012735720902
2024-04-08 14:26:24,0.5829320277640062
2024-04-08 14:26:31.200000,0.5839632335124676
2024-04-08 14:26:38.400000,0.5851230125016365
2024-04-08 14:26:45.600000,0.5861545267139944
2024-04-08 14:26:52.800000,0.5871858818106597
2024-04-08 14:27:00,0.5883464080085121
2024-04-08 14:27:07.200000,0.5893780078901834
2024-04-08 14:27:14.400000,0.5904099949501871
2024-04-08 14:27:21.600000,0.5915705866664335
2024-04-08 14:27:28.800000,0.5926027547547577
2024-04-08 14:27:36,0.593634993219966
2024-04-08 14:27:43.200000,0.594667008393061
2024-04-08 14:27:50.400000,0.5958281953290492
2024-04-08 14:27:57.600000,0.5968601759919481
2024-04-08 14:28:04.800000,0.5978926124592578
2024-04-08 14:28:12,0.5990539209931376
2024-04-08 14:28:19.200000,0.600086118548776
2024-04-08 14:28:26.400000,0.6011186052048902
2024-04-08 14:28:33.600000,0.6022799396192751
2024-04-08 14:28:40.800000,0.6033121327441942
2024-04-08 14:28:48,0.60434458732407
2024-04-08 14:28:55.200000,0.6055058560200529
2024-04-08 14:29:02.400000,0.6065379641259125
2024-04-08 14:29:09.600000,0.6075703068306948
2024-04-08 14:29:16.800000,0.6087314209294682
2024-04-08 14:29:24,0.6097633657983192
2024-04-08 14:29:31.200000,0.6107955191550554
2024-04-08 14:29:38.400000,0.6119563923435654
2024-04-08 14:29:45.600000,0.61298809799367
2024-04-08 14:29:52.800000,0.6140199867239275
2024-04-08 14:30:00,0.6151805351102759
2024-04-08 14:30:07.200000,0.6162120845389194
2024-04-08 14:30:14.400000,0.6172433623976711
2024-04-08 14:30:21.600000,0.6184035055350832
2024-04-08 14:30:28.800000,0.6194347867060574
2024-04-08 14:30:36,0.6204659290594449
2024-04-08 14:30:43.200000,0.6214966539043686
2024-04-08 14:30:50.400000,0.6226561389521801
2024-04-08 14:30:57.600000,0.6236868028122953
2024-04-08 14:31:04.800000,0.6247172989164484
2024-04-08 14:31:12,0.6258761957961602
2024-04-08 14:31:19.200000,0.6269060439528457
2024-04-08 14:31:26.400000,0.6279359726091593
2024-04-08 14:31:33.600000,0.6290942069724008
2024-04-08 14:31:40.800000,0.6301237120474268
2024-04-08 14:31:48,0.631153007284369
2024-04-08 14:31:55.200000,0.6323105055021108
2024-04-08 14:32:02.400000,0.6333390673689812
2024-04-08 14:32:09.600000,0.6343675663072491
2024-04-08 14:32:16.800000,0.6355242586098893
2024-04-08 14:32:24,0.6365523480106645
2024-04-08 14:32:31.200000,0.6375801874123239
2024-04-08 14:32:38.400000,0.6387360023485131
2024-04-08 14:32:45.600000,0.6397632901152146
2024-04-08 14:32:52.800000,0.6407903084608457
2024-04-08 14:33:00,0.6419451777362681
2024-04-08 14:33:07.200000,0.6429713418103912
2024-04-08 14:33:14.400000,0.6439974797035535
2024-04-08 14:33:21.600000,0.6451513369648549
2024-04-08 14:33:28.800000,0.6461768423857306
2024-04-08 14:33:36,0.64720204073703
2024-04-08 14:33:43.200000,0.6483548199531911
2024-04-08 14:33:50.400000,0.6493793466281772
2024-04-08 14:33:57.600000,0.650403547965079
2024-04-08 14:34:04.800000,0.6515551848984882
2024-04-08 14:34:12,0.6525786761056023
2024-04-08 14:34:19.200000,0.6536017427459163
2024-04-08 14:34:26.400000,0.6547521754242046
2024-04-08 14:34:33.600000,0.6557745764320488
2024-04-08 14:34:40.800000,0.6567966165738274
2024-04-08 14:34:48,0.6579457820429817
2024-04-08 14:34:55.200000,0.6589670372330432
2024-04-08 14:35:02.400000,0.6599879142634005
2024-04-08 14:35:09.600000,0.6611357517144971
2024-04-08 14:35:16.800000,0.6621558073540575
2024-04-08 14:35:24,0.6631754678302149
2024-04-08 14:35:31.200000,0.6643219174740791
2024-04-08 14:35:38.400000,0.665340720719309
2024-04-08 14:35:45.600000,0.6664861931143908
2024-04-08 14:35:52.800000,0.6675043661800865
2024-04-08 14:36:00,0.6685218645914585
2024-04-08 14:36:07.200000,0.6696658503851944
2024-04-08 14:36:14.400000,0.6706824326127014
2024-04-08 14:36:21.600000,0.6716985104557309
2024-04-08 14:36:28.800000,0.6728409538239284
2024-04-08 14:36:36,0.6738561469457847
2024-04-08 14:36:43.200000,0.6748708845723472
2024-04-08 14:36:50.400000,0.6760117279936413
2024-04-08 14:36:57.600000,0.6770257281732563
2024-04-08 14:37:04.800000,0.6780390095345703
2024-04-08 14:37:12,0.6791781968038917
2024-04-08 14:37:19.200000,0.6801904602190241
2024-04-08 14:37:26.400000,0.6812022366521948
2024-04-08 14:37:33.600000,0.6823397132621467
2024-04-08 14:37:40.800000,0.6833506831048142
2024-04-08 14:37:48,0.6843609057180118
2024-04-08 14:37:55.200000,0.6854966168911409
2024-04-08 14:38:02.400000,0.6865057559155077
2024-04-08 14:38:09.600000,0.6875146198900486
2024-04-08 14:38:16.800000,0.6886485119788162
2024-04-08 14:38:24,0.689655967743374
2024-04-08 14:38:31.200000,0.6906629409268005
2024-04-08 14:38:38.400000,0.691794962330649
2024-04-08 14:38:45.600000,0.6928010282255768
2024-04-08 14:38:52.800000,0.6939317465399628
2024-04-08 14:39:00,0.6949364023882818
2024-04-08 14:39:07.200000,0.6959407396033039
2024-04-08 14:39:14.400000,0.6970694979509682
2024-04-08 14:39:21.600000,0.6980723950962049
2024-04-08 14:39:28.800000,0.6990747198168749
2024-04-08 14:39:36,0.7002017044300644
2024-04-08 14:39:43.200000,0.7012027971696215
2024-04-08 14:39:50.400000,0.7022033029487295
2024-04-08 14:39:57.600000,0.70332822360585
2024-04-08 14:40:04.800000,0.7043274666523551
2024-04-08 14:40:12,0.7053261083293557
2024-04-08 14:40:19.200000,0.706448914374021
2024-04-08 14:40:26.400000,0.7074462284520368
2024-04-08 14:40:33.600000,0.708442962066814
2024-04-08 14:40:40.800000,0.7095636041801188
2024-04-08 14:40:48,0.7105590143163667
2024-04-08 14:40:55.200000,0.7116781557863954
2024-04-08 14:41:02.400000,0.7126722220030668
2024-04-08 14:41:09.600000,0.7136656487902002
2024-04-08 14:41:16.800000,0.7147825418440394
2024-04-08 14:41:24,0.7157745948276248
2024-04-08 14:41:31.200000,0.7167662248825712
2024-04-08 14:41:38.400000,0.7178805897278111
2024-04-08 14:41:45.600000,0.7188705857733215
2024-04-08 14:41:52.800000,0.7198601436908412
2024-04-08 14:42:00,0.7209721631497474
2024-04-08 14:42:07.200000,0.7219602872028347
2024-04-08 14:42:14.400000,0.7230706839364589
2024-04-08 14:42:21.600000,0.7240573541543345
2024-04-08 14:42:28.800000,0.7250430857612595
2024-04-08 14:42:36,0.7261512830110086
2024-04-08 14:42:43.200000,0.7271355532702344
2024-04-08 14:42:50.400000,0.7281193450605269
2024-04-08 14:42:57.600000,0.729224839885414
2024-04-08 14:43:04.800000,0.7302071194905937
2024-04-08 14:43:12,0.7311884556984334
2024-04-08 14:43:19.200000,0.7322916513120383
2024-04-08 14:43:26.400000,0.7332714472082427
2024-04-08 14:43:33.600000,0.734372898700825
2024-04-08 14:43:40.800000,0.7353511346402011
2024-04-08 14:43:48,0.7363288522374616
2024-04-08 14:43:55.200000,0.7374274763214015
2024-04-08 14:44:02.400000,0.7384036043040796
2024-04-08 14:44:09.600000,0.7393789771174051
2024-04-08 14:44:16.800000,0.740474949501039
2024-04-08 14:44:24,0.7414487039813045
2024-04-08 14:44:31.200000,0.7425428400020363
2024-04-08 14:44:38.400000,0.7435149574111333
2024-04-08 14:44:45.600000,0.7444862969940009
2024-04-08 14:44:52.800000,0.745577708856143
2024-04-08 14:45:00,0.7465473820121641
2024-04-08 14:45:07.200000,0.7475160459908511
2024-04-08 14:45:14.400000,0.7486048971115548
2024-04-08 14:45:21.600000,0.7495720840165334
2024-04-08 14:45:28.800000,0.7506588010542679
2024-04-08 14:45:36,0.7516242735889609
2024-04-08 14:45:43.200000,0.7525889323054641
2024-04-08 14:45:50.400000,0.7536727914255561
2024-04-08 14:45:57.600000,0.7546357072793245
2024-04-08 14:46:04.800000,0.7555977959124718
2024-04-08 14:46:12,0.7566787499912103
2024-04-08 14:46:19.200000,0.7576390672880291
2024-04-08 14:46:26.400000,0.7587182325979349
2024-04-08 14:46:33.600000,0.7596767654128509
2024-04-08 14:46:40.800000,0.7606342300981352
2024-04-08 14:46:48,0.7617104108005435
2024-04-08 14:46:55.200000,0.7626662688271236
2024-04-08 14:47:02.400000,0.7636210524522994
2024-04-08 14:47:09.600000,0.7646942006344313
2024-04-08 14:47:16.800000,0.7656473478867836
2024-04-08 14:47:24,0.7667184068552015
2024-04-08 14:47:31.200000,0.7676696866858841
2024-04-08 14:47:38.400000,0.7686198716516356
2024-04-08 14:47:45.600000,0.7696878188812402
2024-04-08 14:47:52.800000,0.7706363174980427
2024-04-08 14:48:00,0.771702121594505
2024-04-08 14:48:07.200000,0.772648497305494
2024-04-08 14:48:14.400000,0.773594172703949
2024-04-08 14:48:21.600000,0.7746567856692552
2024-04-08 14:48:28.800000,0.7756005170905569
2024-04-08 14:48:36,0.7765433457115803
2024-04-08 14:48:43.200000,0.7776027204854867
2024-04-08 14:48:50.400000,0.778543353138911
2024-04-08 14:48:57.600000,0.7796004988710276
2024-04-08 14:49:04.800000,0.7805393448125864
2024-04-08 14:49:12,0.7814772463245112
2024-04-08 14:49:19.200000,0.7825310732501877
2024-04-08 14:49:26.400000,0.7834669537827498
2024-04-08 14:49:33.600000,0.7845184967988439
2024-04-08 14:49:40.800000,0.7854523367195995
2024-04-08 14:49:48,0.7863852093848758
2024-04-08 14:49:55.200000,0.7874331519927789
2024-04-08 14:50:02.400000,0.7883639554833523
2024-04-08 14:50:09.600000,0.7894097612481179
2024-04-08 14:50:16.800000,0.7903384754205295
2024-04-08 14:50:24,0.7912661993733343
2024-04-08 14:50:31.200000,0.7923085253472759
2024-04-08 14:50:38.400000,0.7932341614642819
2024-04-08 14:50:45.600000,0.7941587636239565
2024-04-08 14:50:52.800000,0.7951975621960097
2024-04-08 14:51:00,0.7961200166142899
2024-04-08 14:51:07.200000,0.7971563884738426
2024-04-08 14:51:14.400000,0.7980766751661308
2024-04-08 14:51:21.600000,0.798995934656377
2024-04-08 14:51:28.800000,0.8000286967068276
2024-04-08 14:51:36,0.8009457589578163
2024-04-08 14:51:43.200000,0.8019760385142564
2024-04-08 14:51:50.400000,0.8028908833675483
2024-04-08 14:51:57.600000,0.8038046775811801
2024-04-08 14:52:04.800000,0.8048312649300167
2024-04-08 14:52:12,0.8057428119612013
2024-04-08 14:52:19.200000,0.8067668605216285
2024-04-08 14:52:26.400000,0.8076761400165001
2024-04-08 14:52:33.600000,0.8085843861718157
2024-04-08 14:52:40.800000,0.8096046599991623
2024-04-08 14:52:48,0.8105105681595612
2024-04-08 14:52:55.200000,0.8115282463252613
2024-04-08 14:53:02.400000,0.812432026950578
2024-04-08 14:53:09.600000,0.8134470858177583
2024-04-08 14:53:16.800000,0.8143483365182083
2024-04-08 14:53:24,0.8152484792352125
2024-04-08 14:53:31.200000,0.8162596442958006
2024-04-08 14:53:38.400000,0.8171574175764278
2024-04-08 14:53:45.600000,0.8181659060023933
2024-04-08 14:53:52.800000,0.8190612889319449
2024-04-08 14:54:00,0.8199557269329547
2024-04-08 14:54:07.200000,0.8209602356202663
2024-04-08 14:54:14.400000,0.8218520645510047
2024-04-08 14:54:21.600000,0.8228538381012844
2024-04-08 14:54:28.800000,0.8237432245403998
2024-04-08 14:54:36,0.8246315053366953
2024-04-08 14:54:43.200000,0.8256293984728424
2024-04-08 14:54:50.400000,0.826515154272698
2024-04-08 14:54:57.600000,0.8275100676704805
2024-04-08 14:55:04.800000,0.8283933281185438
2024-04-08 14:55:12,0.829385422841962
2024-04-08 14:55:19.200000,0.8302663491130889
2024-04-08 14:55:26.400000,0.8311459000726826
2024-04-08 14:55:33.600000,0.832133804718993
2024-04-08 14:55:40.800000,0.8330108066962683
2024-04-08 14:55:48,0.8339960132533153
2024-04-08 14:55:55.200000,0.8348704439097644
2024-04-08 14:56:02.400000,0.8357436569232987
2024-04-08 14:56:09.600000,0.83672440261051
2024-04-08 14:56:16.800000,0.8375951916389474
2024-04-08 14:56:24,0.8385729962116599
2024-04-08 14:56:31.200000,0.8394410399698853
2024-04-08 14:56:38.400000,0.8404160574556813
2024-04-08 14:56:45.600000,0.841281392778136
2024-04-08 14:56:52.800000,0.8421454739062589
2024-04-08 14:57:00,0.8431159049516139
2024-04-08 14:57:07.200000,0.8439774810946702
2024-04-08 14:57:14.400000,0.8449448828969949
2024-04-08 14:57:21.600000,0.845803577743944
2024-04-08 14:57:28.800000,0.8466611671122275
2024-04-08 14:57:36,0.8476240672478792
2024-04-08 14:57:43.200000,0.8484789170888085
2024-04-08 14:57:50.400000,0.8494387238874426
2024-04-08 14:57:57.600000,0.8502906373406998
2024-04-08 14:58:04.800000,0.8512474980972659
2024-04-08 14:58:12,0.8520966261375823
2024-04-08 14:58:19.200000,0.8529444352488975
2024-04-08 14:58:26.400000,0.85389665890613
2024-04-08 14:58:33.600000,0.8547417169271921
2024-04-08 14:58:40.800000,0.8556907547895178
2024-04-08 14:58:48,0.8565328999356983
2024-04-08 14:58:55.200000,0.8574787244376787
2024-04-08 14:59:02.400000,0.8583180012694489
2024-04-08 14:59:09.600000,0.8592604158461021
2024-04-08 14:59:16.800000,0.8600969693341625
2024-04-08 14:59:24,0.8609319838143704
2024-04-08 14:59:31.200000,0.8618697520899186
2024-04-08 14:59:38.400000,0.8627018377502143
2024-04-08 14:59:45.600000,0.8636362970386897
2024-04-08 14:59:52.800000,0.864465429012069
2024-04-08 15:00:00,0.8653965512115503
2024-04-08 15:00:07.200000,0.8662227044048947
2024-04-08 15:00:14.400000,0.8670476125935935
2024-04-08 15:00:21.600000,0.8679736102433362
2024-04-08 15:00:28.800000,0.8687955781703275
2024-04-08 15:00:36,0.8697181695249478
2024-04-08 15:00:43.200000,0.8705370185063849
2024-04-08 15:00:50.400000,0.8714561740572997
2024-04-08 15:00:57.600000,0.8722719544490181
2024-04-08 15:01:04.800000,0.8730861188866111
2024-04-08 15:01:12,0.8740003305027916
2024-04-08 15:01:19.200000,0.87481155023182
2024-04-08 15:01:26.400000,0.8757220906179689
2024-04-08 15:01:33.600000,0.8765301765834402
2024-04-08 15:01:40.800000,0.8774371781750663
2024-04-08 15:01:48,0.8782421035288779
2024-04-08 15:01:55.200000,0.8791455359689516
2024-04-08 15:02:02.400000,0.8799472735817069
2024-04-08 15:02:09.600000,0.8807475012208758
2024-04-08 15:02:16.800000,0.8816456286455934
2024-04-08 15:02:24,0.8824427115831276
2024-04-08 15:02:31.200000,0.883337351086177
2024-04-08 15:02:38.400000,0.8841309377012356
2024-04-08 15:02:45.600000,0.8850218992540182
2024-04-08 15:02:52.800000,0.885812202556933
2024-04-08 15:03:00,0.8866994542943982
2024-04-08 15:03:07.200000,0.8874866008084822
2024-04-08 15:03:14.400000,0.8883699554944451
2024-04-08 15:03:21.600000,0.8891537605065121
2024-04-08 15:03:28.800000,0.8899359825843945
2024-04-08 15:03:36,0.8908139290172585
2024-04-08 15:03:43.200000,0.8915926133843453
2024-04-08 15:03:50.400000,0.8924667365233143
2024-04-08 15:03:57.600000,0.893242159528134
2024-04-08 15:04:04.800000,0.894112273905251
2024-04-08 15:04:12,0.8948842527258105
2024-04-08 15:04:19.200000,0.895750627669923
2024-04-08 15:04:26.400000,0.8965192212060856
2024-04-08 15:04:33.600000,0.8973815211590376
2024-04-08 15:04:40.800000,0.8981465199202593
2024-04-08 15:04:48,0.8989098579288018
2024-04-08 15:04:55.200000,0.8997664711504719
2024-04-08 15:05:02.400000,0.900526109532435
2024-04-08 15:05:09.600000,0.9013787105722015
2024-04-08 15:05:16.800000,0.9021349136564462
2024-04-08 15:05:24,0.9029834660463923
2024-04-08 15:05:31.200000,0.9037360533616517
2024-04-08 15:05:38.400000,0.9045803751172612
2024-04-08 15:05:45.600000,0.9053293144582606
2024-04-08 15:05:52.800000,0.9061696601322615
2024-04-08 15:06:00,0.9069149179762246
2024-04-08 15:06:07.200000,0.9077511040836558
2024-04-08 15:06:14.400000,0.9084925036507374
2024-04-08 15:06:21.600000,0.9092323813084363
2024-04-08 15:06:28.800000,0.9100623817534997
2024-04-08 15:06:36,0.9107983997635325
2024-04-08 15:06:43.200000,0.9116241457266694
2024-04-08 15:06:50.400000,0.9123563636999977
2024-04-08 15:06:57.600000,0.9131778157887683
2024-04-08 15:07:04.800000,0.9139061984465053
2024-04-08 15:07:12,0.9147231772050644
2024-04-08 15:07:19.200000,0.9154476891810877
2024-04-08 15:07:26.400000,0.9162604334674886
2024-04-08 15:07:33.600000,0.9169810379565492
2024-04-08 15:07:40.800000,0.9177893665775132
2024-04-08 15:07:48,0.9185060266501953
2024-04-08 15:07:55.200000,0.9193098977369016
2024-04-08 15:08:02.400000,0.9200225758772279
2024-04-08 15:08:09.600000,0.9208219468902193
2024-04-08 15:08:16.800000,0.92153070354169
2024-04-08 15:08:24,0.9223255314697949
2024-04-08 15:08:31.200000,0.9230301309453793
2024-04-08 15:08:38.400000,0.9237328065857873
2024-04-08 15:08:45.600000,0.9245208728767313
2024-04-08 15:08:52.800000,0.9252194315385566
2024-04-08 15:09:00,0.9260028445791385
2024-04-08 15:09:07.200000,0.9266972458725993
2024-04-08 15:09:14.400000,0.9274759598359799
2024-04-08 15:09:21.600000,0.9281661626665811
2024-04-08 15:09:28.800000,0.9289401309193672
2024-04-08 15:09:36,0.9296260934629422
2024-04-08 15:09:43.200000,0.9303952685364439
2024-04-08 15:09:50.400000,0.9310769482129909
2024-04-08 15:09:57.600000,0.9318412817730823
2024-04-08 15:10:04.800000,0.9325186352193185
2024-04-08 15:10:12,0.9332781793982621
2024-04-08 15:10:19.200000,0.9339511625655232
2024-04-08 15:10:26.400000,0.9347056646122458
2024-04-08 15:10:33.600000,0.935374232346717
2024-04-08 15:10:40.800000,0.9361237423500979
2024-04-08 15:10:48,0.9367878487597145
2024-04-08 15:10:55.200000,0.9375323145910324
2024-04-08 15:11:02.400000,0.9381920367012567
2024-04-08 15:11:09.600000,0.938931404648877
2024-04-08 15:11:16.800000,0.9395864465830314
2024-04-08 15:11:24,0.9403206629355475
2024-04-08 15:11:31.200000,0.9409711002767657
2024-04-08 15:11:38.400000,0.9417001096593532
2024-04-08 15:11:45.600000,0.9423458926654967
2024-04-08 15:11:52.800000,0.9430697587101589
2024-04-08 15:12:00,0.9437108360858308
2024-04-08 15:12:07.200000,0.9444293630207364
2024-04-08 15:12:14.400000,0.9450656833956411
2024-04-08 15:12:21.600000,0.945778727170675
2024-04-08 15:12:28.800000,0.946410237428701
2024-04-08 15:12:36,0.9471179575418773
2024-04-08 15:12:43.200000,0.9477446029228914
2024-04-08 15:12:50.400000,0.9484467030569607
2024-04-08 15:12:57.600000,0.9490684285506247
2024-04-08 15:13:04.800000,0.9497649631113838
2024-04-08 15:13:12,0.9503818262564763
2024-04-08 15:13:19.200000,0.9510727299990764
2024-04-08 15:13:26.400000,0.9516844433922509
2024-04-08 15:13:33.600000,0.9523696506479357
2024-04-08 15:13:40.800000,0.9529763817154353
2024-04-08 15:13:48,0.953655824018991
2024-04-08 15:13:55.200000,0.9542572867980689
2024-04-08 15:14:02.400000,0.9549309981257128
2024-04-08 15:14:09.600000,0.9555273525476321
2024-04-08 15:14:16.800000,0.9561950548551593
2024-04-08 15:14:24,0.9567860162123054
2024-04-08 15:14:31.200000,0.957447848071379
2024-04-08 15:14:38.400000,0.9580334602843812
2024-04-08 15:14:45.600000,0.9586891293552176
2024-04-08 15:14:52.800000,0.9592694316839565
2024-04-08 15:15:00,0.9599189688380372
2024-04-08 15:15:07.200000,0.9604936778948849
2024-04-08 15:15:14.400000,0.9611371089909588
2024-04-08 15:15:21.600000,0.9617062596045309
2024-04-08 15:15:28.800000,0.9623432925872328
2024-04-08 15:15:36,0.9629069145554229
2024-04-08 15:15:43.200000,0.9635375699396014
2024-04-08 15:15:50.400000,0.9640954820976186
2024-04-08 15:15:57.600000,0.9647197747769571
2024-04-08 15:16:04.800000,0.9652717984869941
2024-04-08 15:16:12,0.965889435901444
2024-04-08 15:16:19.200000,0.9664356920978134
2024-04-08 15:16:26.400000,0.967046683109473
2024-04-08 15:16:33.600000,0.967586987038722
2024-04-08 15:16:40.800000,0.968191236215735
2024-04-08 15:16:48,0.9687919740987094
2024-04-08 15:16:55.200000,0.9693229103237873
2024-04-08 15:17:02.400000,0.9699166571696856
2024-04-08 15:17:09.600000,0.9704415141928869
2024-04-08 15:17:16.800000,0.9710282630498214
2024-04-08 15:17:24,0.9715468498401195
2024-04-08 15:17:31.200000,0.9721264930317846
2024-04-08 15:17:38.400000,0.9726387121066851
2024-04-08 15:17:45.600000,0.9732112361010311
2024-04-08 15:17:52.800000,0.973716986042558
2024-04-08 15:18:00,0.974282078338623
2024-04-08 15:18:07.200000,0.9747812543445269
2024-04-08 15:18:14.400000,0.9753388928996476
2024-04-08 15:18:21.600000,0.9758313857250248
2024-04-08 15:18:28.800000,0.9763814451924037
2024-04-08 15:18:36,0.9768671411024948
2024-04-08 15:18:43.200000,0.9774094909025517
2024-04-08 15:18:50.400000,0.9778882713385179
2024-04-08 15:18:57.600000,0.9784227752634351
2024-04-08 15:19:04.800000,0.9789531535483782
2024-04-08 15:19:12,0.9794210322472008
2024-04-08 15:19:19.200000,0.9799433430500876
2024-04-08 15:19:26.400000,0.9804039836652798
2024-04-08 15:19:33.600000,0.980918074448636
2024-04-08 15:19:40.800000,0.9813715114109846
2024-04-08 15:19:48,0.9818771407041902
2024-04-08 15:19:55.200000,0.9823229609485582
2024-04-08 15:20:02.400000,0.9828200436758736
2024-04-08 15:20:09.600000,0.9832581866564064
2024-04-08 15:20:16.800000,0.9837466233178972
2024-04-08 15:20:24,0.9842302896081391
2024-04-08 15:20:31.200000,0.9846563757177877
2024-04-08 15:20:38.400000,0.9851310293122948
2024-04-08 15:20:45.600000,0.9855490123206884
2024-04-08 15:20:52.800000,0.9860145236006489
2024-04-08 15:21:00,0.9864241442683904
2024-04-08 15:21:07.200000,0.9868802229328555
2024-04-08 15:21:14.400000,0.9872814299668079
2024-04-08 15:21:21.600000,0.9877277760013424
2024-04-08 15:21:28.800000,0.9881203703037518
2024-04-08 15:21:36,0.9885568800368394
2024-04-08 15:21:43.200000,0.988987973338314
2024-04-08 15:21:50.400000,0.9893667434746549
2024-04-08 15:21:57.600000,0.9897875916277706
2024-04-08 15:22:04.800000,0.9901570652561981
2024-04-08 15:22:12,0.9905672441457332
2024-04-08 15:22:19.200000,0.9909271530415005
2024-04-08 15:22:26.400000,0.9913264772875516
2024-04-08 15:22:33.600000,0.9916764680486074
2024-04-08 15:22:40.800000,0.992064532376829
2024-04-08 15:22:48,0.9924464872151727
2024-04-08 15:22:55.200000,0.9927808441038584
2024-04-08 15:23:02.400000,0.993150897908306
2024-04-08 15:23:09.600000,0.9934745404672863
2024-04-08 15:23:16.800000,0.9938323807577388
2024-04-08 15:23:24,0.9941449773372134
2024-04-08 15:23:31.200000,0.9944900700629115
2024-04-08 15:23:38.400000,0.9947909828574283
2024-04-08 15:23:45.600000,0.995122801296491
2024-04-08 15:23:52.800000,0.9954473560108213
2024-04-08 15:24:00,0.9957296565711781
2024-04-08 15:24:07.200000,0.9960399937212122
2024-04-08 15:24:14.400000,0.9963092954993097
2024-04-08 15:24:21.600000,0.9966046883173021
2024-04-08 15:24:28.800000,0.9968603899869247
2024-04-08 15:24:36,0.9971399924311797
2024-04-08 15:24:43.200000,0.9974108438642886
2024-04-08 15:24:50.400000,0.9976440472215083
2024-04-08 15:24:57.600000,0.9978974660204163
2024-04-08 15:25:04.800000,0.9981146428576457
2024-04-08 15:25:12,0.9983494141585733
2024-04-08 15:25:19.200000,0.9985492276255987
2024-04-08 15:25:26.400000,0.998763519364798
2024-04-08 15:25:33.600000,0.9989661373358867
2024-04-08 15:25:40.800000,0.9991358794832603
2024-04-08 15:25:48,0.9993143146527035
2024-04-08 15:25:55.200000,0.9994610063506654
2024-04-08 15:26:02.400000,0.9996113009530049
2024-04-08 15:26:09.600000,0.9997304705192105
2024-04-08 15:26:16.800000,0.99984586741322
2024-04-08 15:26:24,0.9999374054934135
2024-04-08 15:26:31.200000,0.9999913317370254
2024-04-08 15:26:38.400000,1.0
2024-04-08 15:26:45.600000,1.0
2024-04-08 15:26:52.800000,1.0
2024-04-08 15:27:00,1.0
2024-04-08 15:27:07.200000,1.0
2024-04-08 15:27:14.400000,1.0
2024-04-08 15:27:21.600000,1.0
2024-04-08 15:27:28.800000,1.0
2024-04-08 15:27:36,1.0
2024-04-08 15:27:43.200000,1.0
2024-04-08 15:27:50.400000,1.0
2024-04-08 15:27:57.600000,1.0
2024-04-08 15:28:04.800000,1.0
2024-04-08 15:28:12,1.0
2024-04-08 15:28:19.200000,1.0
2024-04-08 15:28:26.400000,1.0
2024-04-08 15:28:33.600000,1.0
2024-04-08 15:28:40.800000,1.0
2024-04-08 15:28:48,1.0
2024-04-08 15:28:55.200000,1.0
2024-04-08 15:29:02.400000,1.0
2024-04-08 15:29:09.600000,1.0
2024-04-08 15:29:16.800000,1.0
2024-04-08 15:29:24,1.0
2024-04-08 15:29:31.200000,1.0
2024-04-08 15:29:38.400000,1.0
2024-04-08 15:29:45.600000,1.0
2024-04-08 15:29:52.800000,1.0
2024-04-08 15:30:00,1.0
2024-04-08 15:30:07.200000,1.0
2024-04-08 15:30:14.400000,1.0
2024-04-08 15:30:21.600000,1.0
2024-04-08 15:30:28.800000,1.0
2024-04-08 15:30:36,1.0
2024-04-08 15:30:43.200000,1.0
2024-04-08 15:30:50.400000,1.0
2024-04-08 15:30:57.600000,1.0
2024-04-08 15:31:04.800000,1.0
2024-04-08 15:31:12,1.0
2024-04-08 15:31:19.200000,1.0
2024-04-08 15:31:26.400000,1.0
2024-04-08 15:31:33.600000,1.0
2024-04-08 15:31:40.800000,1.0
2024-04-08 15:31:48,1.0
2024-04-08 15:31:55.200000,1.0
2024-04-08 15:32:02.400000,1.0
2024-04-08 15:32:09.600000,1.0
2024-04-08 15:32:16.800000,1.0
2024-04-08 15:32:24,1.0
2024-04-08 15:32:31.200000,1.0
2024-04-08 15:32:38.400000,1.0
2024-04-08 15:32:45.600000,1.0
2024-04-08 15:32:52.800000,1.0
2024-04-08 15:33:00,1.0
2024-04-08 15:33:07.200000,1.0
2024-04-08 15:33:14.400000,1.0
2024-04-08 15:33:21.600000,1.0
2024-04-08 15:33:28.800000,1.0
2024-04-08 15:33:36,1.0
2024-04-08 15:33:43.200000,1.0
2024-04-08 15:33:50.400000,1.0
2024-04-08 15:33:57.600000,1.0
2024-04-08 15:34:04.800000,1.0
2024-04-08 15:34:12,1.0
2024-04-08 15:34:19.200000,1.0
2024-04-08 15:34:26.400000,1.0
2024-04-08 15:34:33.600000,1.0
2024-04-08 15:34:40.800000,1.0
2024-04-08 15:34:48,1.0
2024-04-08 15:34:55.200000,1.0
2024-04-08 15:35:02.400000,1.0
2024-04-08 15:35:09.600000,1.0
2024-04-08 15:35:16.800000,1.0
2024-04-08 15:35:24,1.0
2024-04-08 15:35:31.200000,1.0
2024-04-08 15:35:38.400000,1.0
2024-04-08 15:35:45.600000,1.0
2024-04-08 15:35:52.800000,1.0
2024-04-08 15:36:00,1.0
2024-04-08 15:36:07.200000,1.0
2024-04-08 15:36:14.400000,1.0
2024-04-08 15:36:21.600000,1.0
2024-04-08 15:36:28.800000,1.0
2024-04-08 15:36:36,1.0
2024-04-08 15:36:43.200000,1.0
2024-04-08 15:36:50.400000,1.0
2024-04-08 15:36:57.600000,1.0
2024-04-08 15:37:04.800000,1.0
2024-04-08 15:37:12,1.0
2024-04-08 15:37:19.200000,1.0
2024-04-08 15:37:26.400000,1.0
2024-04-08 15:37:33.600000,1.0
2024-04-08 15:37:40.800000,1.0
2024-04-08 15:37:48,1.0
2024-04-08 15:37:55.200000,1.0
2024-04-08 15:38:02.400000,1.0
2024-04-08 15:38:09.600000,1.0
2024-04-08 15:38:16.800000,1.0
2024-04-08 15:38:24,1.0
2024-04-08 15:38:31.200000,1.0
2024-04-08 15:38:38.400000,1.0
2024-04-08 15:38:45.600000,1.0
2024-04-08 15:38:52.800000,1.0
2024-04-08 15:39:00,1.0
2024-04-08 15:39:07.200000,1.0
2024-04-08 15:39:14.400000,1.0
2024-04-08 15:39:21.600000,1.0
2024-04-08 15:39:28.800000,1.0
2024-04-08 15:39:36,1.0
2024-04-08 15:39:43.200000,1.0
2024-04-08 15:39:50.400000,1.0
2024-04-08 15:39:57.600000,1.0
2024-04-08 15:40:04.800000,1.0
2024-04-08 15:40:12,1.0
2024-04-08 15:40:19.200000,1.0
2024-04-08 15:40:26.400000,1.0
2024-04-08 15:40:33.600000,1.0
2024-04-08 15:40:40.800000,1.0
2024-04-08 15:40:48,1.0
2024-04-08 15:40:55.200000,1.0
2024-04-08 15:41:02.400000,1.0
2024-04-08 15:41:09.600000,1.0
2024-04-08 15:41:16.800000,1.0
2024-04-08 15:41:24,1.0
2024-04-08 15:41:31.200000,1.0
2024-04-08 15:41:38.400000,1.0
2024-04-08 15:41:45.600000,1.0
2024-04-08 15:41:52.800000,1.0
2024-04-08 15:42:00,1.0
2024-04-08 15:42:07.200000,1.0
2024-04-08 15:42:14.400000,1.0
2024-04-08 15:42:21.600000,1.0
2024-04-08 15:42:28.800000,1.0
2024-04-08 15:42:36,1.0
2024-04-08 15:42:43.200000,1.0
2024-04-08 15:42:50.400000,1.0
2024-04-08 15:42:57.600000,1.0
2024-04-08 15:43:04.800000,1.0
2024-04-08 15:43:12,1.0
2024-04-08 15:43:19.200000,1.0
2024-04-08 15:43:26.400000,1.0
2024-04-08 15:43:33.600000,1.0
2024-04-08 15:43:40.800000,1.0
2024-04-08 15:43:48,1.0
2024-04-08 15:43:55.200000,1.0
2024-04-08 15:44:02.400000,1.0
2024-04-08 15:44:09.600000,1.0
2024-04-08 15:44:16.800000,1.0
2024-04-08 15:44:24,1.0
2024-04-08 15:44:31.200000,1.0
2024-04-08 15:44:38.400000,1.0
2024-04-08 15:44:45.600000,1.0
2024-04-08 15:44:52.800000,1.0
2024-04-08 15:45:00,1.0
2024-04-08 15:45:07.200000,1.0
2024-04-08 15:45:14.400000,1.0
2024-04-08 15:45:21.600000,1.0
2024-04-08 15:45:28.800000,1.0
2024-04-08 15:45:36,1.0
2024-04-08 15:45:43.200000,1.0
2024-04-08 15:45:50.400000,1.0
2024-04-08 15:45:57.600000,1.0
2024-04-08 15:46:04.800000,1.0
2024-04-08 15:46:12,1.0
2024-04-08 15:46:19.200000,1.0
2024-04-08 15:46:26.400000,1.0
2024-04-08 15:46:33.600000,1.0
2024-04-08 15:46:40.800000,1.0
2024-04-08 15:46:48,1.0
2024-04-08 15:46:55.200000,1.0
2024-04-08 15:47:02.400000,1.0
2024-04-08 15:47:09.600000,1.0
2024-04-08 15:47:16.800000,1.0
2024-04-08 15:47:24,1.0
2024-04-08 15:47:31.200000,1.0
2024-04-08 15:47:38.400000,1.0
2024-04-08 15:47:45.600000,1.0
2024-04-08 15:47:52.800000,1.0
2024-04-08 15:48:00,1.0
2024-04-08 15:48:07.200000,1.0
2024-04-08 15:48:14.400000,1.0
2024-04-08 15:48:21.600000,1.0
2024-04-08 15:48:28.800000,1.0
2024-04-08 15:48:36,1.0
2024-04-08 15:48:43.200000,1.0
2024-04-08 15:48:50.400000,1.0
2024-04-08 15:48:57.600000,1.0
2024-04-08 15:49:04.800000,1.0
2024-04-08 15:49:12,1.0
2024-04-08 15:49:19.200000,1.0
2024-04-08 15:49:26.400000,1.0
2024-04-08 15:49:33.600000,1.0
2024-04-08 15:49:40.800000,1.0
2024-04-08 15:49:48,1.0
2024-04-08 15:49:55.200000,1.0
2024-04-08 15:50:02.400000,1.0
2024-04-08 15:50:09.600000,1.0
2024-04-08 15:50:16.800000,1.0
2024-04-08 15:50:24,1.0
2024-04-08 15:50:31.200000,1.0
2024-04-08 15:50:38.400000,1.0
2024-04-08 15:50:45.600000,1.0
2024-04-08 15:50:52.800000,1.0
2024-04-08 15:51:00,1.0
2024-04-08 15:51:07.200000,1.0
2024-04-08 15:51:14.400000,1.0
2024-04-08 15:51:21.600000,1.0
2024-04-08 15:51:28.800000,1.0
2024-04-08 15:51:36,1.0
2024-04-08 15:51:43.200000,1.0
2024-04-08 15:51:50.400000,1.0
2024-04-08 15:51:57.600000,1.0
2024-04-08 15:52:04.800000,1.0
2024-04-08 15:52:12,1.0
2024-04-08 15:52:19.200000,1.0
2024-04-08 15:52:26.400000,1.0
2024-04-08 15:52:33.600000,1.0
2024-04-08 15:52:40.800000,1.0
2024-04-08 15:52:48,1.0
2024-04-08 15:52:55.200000,1.0
2024-04-08 15:53:02.400000,1.0
2024-04-08 15:53:09.600000,1.0
2024-04-08 15:53:16.800000,1.0
2024-04-08 15:53:24,1.0
2024-04-08 15:53:31.200000,1.0
2024-04-08 15:53:38.400000,1.0
2024-04-08 15:53:45.600000,1.0
2024-04-08 15:53:52.800000,1.0
2024-04-08 15:54:00,1.0
2024-04-08 15:54:07.200000,1.0
2024-04-08 15:54:14.400000,1.0
2024-04-08 15:54:21.600000,1.0
2024-04-08 15:54:28.800000,1.0
2024-04-08 15:54:36,1.0
2024-04-08 15:54:43.200000,1.0
2024-04-08 15:54:50.400000,1.0
2024-04-08 15:54:57.600000,1.0
2024-04-08 15:55:04.800000,1.0
2024-04-08 15:55:12,1.0
2024-04-08 15:55:19.200000,1.0
2024-04-08 15:55:26.400000,1.0
2024-04-08 15:55:33.600000,1.0
2024-04-08 15:55:40.800000,1.0
2024-04-08 15:55:48,1.0
2024-04-08 15:55:55.200000,1.0
2024-04-08 15:56:02.400000,1.0
2024-04-08 15:56:09.600000,1.0
2024-04-08 15:56:16.800000,1.0
2024-04-08 15:56:24,1.0
2024-04-08 15:56:31.200000,1.0
2024-04-08 15:56:38.400000,1.0
2024-04-08 15:56:45.600000,1.0
2024-04-08 15:56:52.800000,1.0
2024-04-08 15:57:00,1.0
2024-04-08 15:57:07.200000,1.0
2024-04-08 15:57:14.400000,1.0
2024-04-08 15:57:21.600000,1.0
2024-04-08 15:57:28.800000,1.0
2024-04-08 15:57:36,1.0
2024-04-08 15:57:43.200000,1.0
2024-04-08 15:57:50.400000,1.0
2024-04-08 15:57:57.600000,1.0
2024-04-08 15:58:04.800000,1.0
2024-04-08 15:58:12,1.0
2024-04-08 15:58:19.200000,1.0
2024-04-08 15:58:26.400000,1.0
2024-04-08 15:58:33.600000,1.0
2024-04-08 15:58:40.800000,1.0
2024-04-08 15:58:48,1.0
2024-04-08 15:58:55.200000,1.0
2024-04-08 15:59:02.400000,1.0
2024-04-08 15:59:09.600000,1.0
2024-04-08 15:59:16.800000,1.0
2024-04-08 15:59:24,1.0
2024-04-08 15:59:31.200000,1.0
2024-04-08 15:59:38.400000,1.0
2024-04-08 15:59:45.600000,1.0
2024-04-08 15:59:52.800000,1.0
2024-04-08 16:00:00,1.0
